time,pvPower
2026-06-01 00:00:39 BST+0100,0.0
2026-06-01 00:05:26 BST+0100,0.0
2026-06-01 00:10:25 BST+0100,0.0
2026-06-01 00:15:51 BST+0100,0.0
2026-06-01 00:20:05 BST+0100,0.0
2026-06-01 00:25:41 BST+0100,0.0
2026-06-01 00:30:12 BST+0100,0.0
2026-06-01 00:35:05 BST+0100,0.0
2026-06-01 00:40:31 BST+0100,0.0
2026-06-01 00:45:58 BST+0100,0.0
2026-06-01 00:50:44 BST+0100,0.0
2026-06-01 00:55:45 BST+0100,0.0
2026-06-01 01:00:43 BST+0100,0.0
2026-06-01 01:05:47 BST+0100,0.0
2026-06-01 01:10:30 BST+0100,0.0
2026-06-01 01:15:07 BST+0100,0.0
2026-06-01 01:20:50 BST+0100,0.0
2026-06-01 01:25:27 BST+0100,0.0
2026-06-01 01:30:30 BST+0100,0.0
2026-06-01 01:35:22 BST+0100,0.0
2026-06-01 01:40:10 BST+0100,0.0
2026-06-01 01:45:55 BST+0100,0.0
2026-06-01 01:50:46 BST+0100,0.0
2026-06-01 01:55:38 BST+0100,0.0
2026-06-01 02:00:24 BST+0100,0.0
2026-06-01 02:05:49 BST+0100,0.0
2026-06-01 02:10:32 BST+0100,0.0
2026-06-01 02:15:26 BST+0100,0.0
2026-06-01 02:20:27 BST+0100,0.0
2026-06-01 02:25:13 BST+0100,0.0
2026-06-01 02:30:05 BST+0100,0.0
2026-06-01 02:35:33 BST+0100,0.0
2026-06-01 02:40:53 BST+0100,0.0
2026-06-01 02:45:03 BST+0100,0.0
2026-06-01 02:50:51 BST+0100,0.0
2026-06-01 02:55:49 BST+0100,0.0
2026-06-01 03:00:16 BST+0100,0.0
2026-06-01 03:05:37 BST+0100,0.0
2026-06-01 03:10:09 BST+0100,0.0
2026-06-01 03:15:45 BST+0100,0.0
2026-06-01 03:20:42 BST+0100,0.0
2026-06-01 03:25:21 BST+0100,0.0
2026-06-01 03:30:04 BST+0100,0.0
2026-06-01 03:35:58 BST+0100,0.0
2026-06-01 03:40:26 BST+0100,0.0
2026-06-01 03:45:53 BST+0100,0.0
2026-06-01 03:50:40 BST+0100,0.0
2026-06-01 03:55:46 BST+0100,0.0
2026-06-01 04:00:45 BST+0100,0.0
2026-06-01 04:05:11 BST+0100,0.0
2026-06-01 04:10:21 BST+0100,0.0
2026-06-01 04:15:28 BST+0100,0.0
2026-06-01 04:20:29 BST+0100,0.0
2026-06-01 04:25:02 BST+0100,0.0
2026-06-01 04:30:32 BST+0100,0.0
2026-06-01 04:35:09 BST+0100,0.0
2026-06-01 04:40:44 BST+0100,0.0
2026-06-01 04:45:40 BST+0100,0.0
2026-06-01 04:50:55 BST+0100,0.0
2026-06-01 04:55:44 BST+0100,0.0
2026-06-01 05:00:21 BST+0100,0.0
2026-06-01 05:05:58 BST+0100,0.007
2026-06-01 05:10:24 BST+0100,0.022
2026-06-01 05:15:19 BST+0100,0.043
2026-06-01 05:20:54 BST+0100,0.067
2026-06-01 05:25:22 BST+0100,0.096
2026-06-01 05:30:04 BST+0100,0.129
2026-06-01 05:35:28 BST+0100,0.165
2026-06-01 05:40:47 BST+0100,0.203
2026-06-01 05:45:11 BST+0100,0.245
2026-06-01 05:50:27 BST+0100,0.29
2026-06-01 05:55:07 BST+0100,0.317
2026-06-01 06:00:41 BST+0100,0.457
2026-06-01 06:05:28 BST+0100,0.482
2026-06-01 06:10:19 BST+0100,0.612
2026-06-01 06:15:13 BST+0100,0.535
2026-06-01 06:20:33 BST+0100,0.532
2026-06-01 06:25:40 BST+0100,0.642
2026-06-01 06:30:56 BST+0100,0.763
2026-06-01 06:35:26 BST+0100,0.82
2026-06-01 06:40:09 BST+0100,0.693
2026-06-01 06:45:49 BST+0100,0.943
2026-06-01 06:50:37 BST+0100,1.037
2026-06-01 06:55:42 BST+0100,1.549
2026-06-01 07:00:05 BST+0100,1.522
2026-06-01 07:05:18 BST+0100,1.024
2026-06-01 07:10:46 BST+0100,1.217
2026-06-01 07:15:49 BST+0100,1.0
2026-06-01 07:20:26 BST+0100,1.281
2026-06-01 07:25:48 BST+0100,1.596
2026-06-01 07:30:50 BST+0100,1.932
2026-06-01 07:35:23 BST+0100,1.447
2026-06-01 07:40:53 BST+0100,1.539
2026-06-01 07:45:17 BST+0100,1.119
2026-06-01 07:50:14 BST+0100,1.848
2026-06-01 07:55:40 BST+0100,1.605
2026-06-01 08:00:38 BST+0100,1.868
2026-06-01 08:05:08 BST+0100,1.807
2026-06-01 08:10:49 BST+0100,2.19
2026-06-01 08:15:11 BST+0100,1.578
2026-06-01 08:20:48 BST+0100,1.759
2026-06-01 08:25:00 BST+0100,3.42
2026-06-01 08:30:47 BST+0100,1.962
2026-06-01 08:35:47 BST+0100,2.115
2026-06-01 08:40:46 BST+0100,3.614
2026-06-01 08:45:39 BST+0100,4.26
2026-06-01 08:50:28 BST+0100,2.271
2026-06-01 08:55:42 BST+0100,2.762
2026-06-01 09:00:16 BST+0100,3.225
2026-06-01 09:05:46 BST+0100,4.087
2026-06-01 09:10:33 BST+0100,2.628
2026-06-01 09:15:27 BST+0100,3.129
2026-06-01 09:20:30 BST+0100,3.82
2026-06-01 09:25:34 BST+0100,3.696
2026-06-01 09:30:02 BST+0100,3.266
2026-06-01 09:35:08 BST+0100,3.492
2026-06-01 09:40:14 BST+0100,2.748
2026-06-01 09:45:06 BST+0100,3.565
2026-06-01 09:50:26 BST+0100,3.615
2026-06-01 09:55:40 BST+0100,4.029
2026-06-01 10:00:39 BST+0100,3.543
2026-06-01 10:05:28 BST+0100,4.345
2026-06-01 10:10:51 BST+0100,4.814
2026-06-01 10:15:33 BST+0100,4.253
2026-06-01 10:20:04 BST+0100,4.468
2026-06-01 10:25:45 BST+0100,4.305
2026-06-01 10:30:34 BST+0100,4.326
2026-06-01 10:35:38 BST+0100,3.816
2026-06-01 10:40:33 BST+0100,4.697
2026-06-01 10:45:33 BST+0100,4.421
2026-06-01 10:50:05 BST+0100,6.271
2026-06-01 10:55:33 BST+0100,5.913
2026-06-01 11:00:47 BST+0100,4.983
2026-06-01 11:05:18 BST+0100,4.063
2026-06-01 11:10:36 BST+0100,3.805
2026-06-01 11:15:01 BST+0100,5.833
2026-06-01 11:20:20 BST+0100,5.076
2026-06-01 11:25:26 BST+0100,5.312
2026-06-01 11:30:58 BST+0100,3.381
2026-06-01 11:35:12 BST+0100,5.797
2026-06-01 11:40:16 BST+0100,5.413
2026-06-01 11:45:24 BST+0100,4.031
2026-06-01 11:50:59 BST+0100,4.639
2026-06-01 11:55:51 BST+0100,5.342
2026-06-01 12:00:02 BST+0100,5.176
2026-06-01 12:05:14 BST+0100,4.882
2026-06-01 12:10:49 BST+0100,5.08
2026-06-01 12:15:03 BST+0100,4.962
2026-06-01 12:20:51 BST+0100,5.36
2026-06-01 12:25:16 BST+0100,6.62
2026-06-01 12:30:55 BST+0100,2.824
2026-06-01 12:35:17 BST+0100,5.036
2026-06-01 12:40:26 BST+0100,5.438
2026-06-01 12:45:39 BST+0100,5.56
2026-06-01 12:50:07 BST+0100,4.931
2026-06-01 12:55:33 BST+0100,3.616
2026-06-01 13:00:30 BST+0100,5.601
2026-06-01 13:05:47 BST+0100,6.932
2026-06-01 13:10:59 BST+0100,3.825
2026-06-01 13:15:39 BST+0100,6.1
2026-06-01 13:20:24 BST+0100,4.959
2026-06-01 13:25:24 BST+0100,5.203
2026-06-01 13:30:25 BST+0100,4.254
2026-06-01 13:35:48 BST+0100,4.919
2026-06-01 13:40:19 BST+0100,6.438
2026-06-01 13:45:10 BST+0100,5.743
2026-06-01 13:50:20 BST+0100,6.791
2026-06-01 13:55:01 BST+0100,6.245
2026-06-01 14:00:06 BST+0100,5.533
2026-06-01 14:05:05 BST+0100,6.7
2026-06-01 14:10:46 BST+0100,5.47
2026-06-01 14:15:43 BST+0100,5.789
2026-06-01 14:20:41 BST+0100,4.737
2026-06-01 14:25:27 BST+0100,5.027
2026-06-01 14:30:43 BST+0100,4.311
2026-06-01 14:35:09 BST+0100,5.76
2026-06-01 14:40:54 BST+0100,3.819
2026-06-01 14:45:30 BST+0100,5.479
2026-06-01 14:50:56 BST+0100,4.594
2026-06-01 14:55:09 BST+0100,5.702
2026-06-01 15:00:29 BST+0100,5.29
2026-06-01 15:05:41 BST+0100,6.119
2026-06-01 15:10:29 BST+0100,5.154
2026-06-01 15:15:26 BST+0100,3.227
2026-06-01 15:20:09 BST+0100,4.39
2026-06-01 15:25:22 BST+0100,3.46
2026-06-01 15:30:14 BST+0100,3.922
2026-06-01 15:35:18 BST+0100,5.425
2026-06-01 15:40:41 BST+0100,4.684
2026-06-01 15:45:37 BST+0100,3.617
2026-06-01 15:50:36 BST+0100,3.329
2026-06-01 15:55:21 BST+0100,4.029
2026-06-01 16:00:57 BST+0100,3.075
2026-06-01 16:05:05 BST+0100,3.4
2026-06-01 16:10:20 BST+0100,4.01
2026-06-01 16:15:07 BST+0100,4.499
2026-06-01 16:20:20 BST+0100,4.052
2026-06-01 16:25:57 BST+0100,2.102
2026-06-01 16:30:21 BST+0100,3.695
2026-06-01 16:35:54 BST+0100,3.472
2026-06-01 16:40:29 BST+0100,3.601
2026-06-01 16:45:41 BST+0100,4.226
2026-06-01 16:50:27 BST+0100,2.009
2026-06-01 16:55:15 BST+0100,2.785
2026-06-01 17:00:45 BST+0100,3.361
2026-06-01 17:05:58 BST+0100,2.116
2026-06-01 17:10:15 BST+0100,3.642
2026-06-01 17:15:46 BST+0100,2.983
2026-06-01 17:20:15 BST+0100,3.13
2026-06-01 17:25:43 BST+0100,2.364
2026-06-01 17:30:47 BST+0100,2.928
2026-06-01 17:35:26 BST+0100,2.948
2026-06-01 17:40:44 BST+0100,2.491
2026-06-01 17:45:16 BST+0100,2.406
2026-06-01 17:50:04 BST+0100,2.336
2026-06-01 17:55:05 BST+0100,1.813
2026-06-01 18:00:26 BST+0100,2.01
2026-06-01 18:05:54 BST+0100,1.93
2026-06-01 18:10:07 BST+0100,2.035
2026-06-01 18:15:27 BST+0100,2.152
2026-06-01 18:20:42 BST+0100,1.412
2026-06-01 18:25:12 BST+0100,1.628
2026-06-01 18:30:43 BST+0100,2.011
2026-06-01 18:35:18 BST+0100,1.308
2026-06-01 18:40:48 BST+0100,1.222
2026-06-01 18:45:34 BST+0100,1.408
2026-06-01 18:50:32 BST+0100,1.479
2026-06-01 18:55:10 BST+0100,1.212
2026-06-01 19:00:27 BST+0100,1.41
2026-06-01 19:05:51 BST+0100,1.231
2026-06-01 19:10:01 BST+0100,1.147
2026-06-01 19:15:45 BST+0100,1.02
2026-06-01 19:20:29 BST+0100,1.221
2026-06-01 19:25:43 BST+0100,0.766
2026-06-01 19:30:39 BST+0100,0.467
2026-06-01 19:35:25 BST+0100,0.862
2026-06-01 19:40:18 BST+0100,0.558
2026-06-01 19:45:37 BST+0100,0.561
2026-06-01 19:50:08 BST+0100,0.61
2026-06-01 19:55:35 BST+0100,0.312
2026-06-01 20:00:05 BST+0100,0.3
2026-06-01 20:05:38 BST+0100,0.24
2026-06-01 20:10:37 BST+0100,0.29
2026-06-01 20:15:05 BST+0100,0.245
2026-06-01 20:20:45 BST+0100,0.203
2026-06-01 20:25:24 BST+0100,0.165
2026-06-01 20:30:47 BST+0100,0.129
2026-06-01 20:35:02 BST+0100,0.096
2026-06-01 20:40:10 BST+0100,0.067
2026-06-01 20:45:29 BST+0100,0.043
2026-06-01 20:50:11 BST+0100,0.022
2026-06-01 20:55:19 BST+0100,0.007
2026-06-01 21:00:39 BST+0100,0.0
2026-06-01 21:05:08 BST+0100,0.0
2026-06-01 21:10:40 BST+0100,0.0
2026-06-01 21:15:06 BST+0100,0.0
2026-06-01 21:20:10 BST+0100,0.0
2026-06-01 21:25:35 BST+0100,0.0
2026-06-01 21:30:47 BST+0100,0.0
2026-06-01 21:35:10 BST+0100,0.0
2026-06-01 21:40:17 BST+0100,0.0
2026-06-01 21:45:55 BST+0100,0.0
2026-06-01 21:50:59 BST+0100,0.0
2026-06-01 21:55:34 BST+0100,0.0
2026-06-01 22:00:26 BST+0100,0.0
2026-06-01 22:05:20 BST+0100,0.0
2026-06-01 22:10:36 BST+0100,0.0
2026-06-01 22:15:35 BST+0100,0.0
2026-06-01 22:20:17 BST+0100,0.0
2026-06-01 22:25:01 BST+0100,0.0
2026-06-01 22:30:09 BST+0100,0.0
2026-06-01 22:35:57 BST+0100,0.0
2026-06-01 22:40:25 BST+0100,0.0
2026-06-01 22:45:28 BST+0100,0.0
2026-06-01 22:50:28 BST+0100,0.0
2026-06-01 22:55:46 BST+0100,0.0
2026-06-01 23:00:03 BST+0100,0.0
2026-06-01 23:05:04 BST+0100,0.0
2026-06-01 23:10:16 BST+0100,0.0
2026-06-01 23:15:29 BST+0100,0.0
2026-06-01 23:20:40 BST+0100,0.0
2026-06-01 23:25:29 BST+0100,0.0
2026-06-01 23:30:26 BST+0100,0.0
2026-06-01 23:35:56 BST+0100,0.0
2026-06-01 23:40:09 BST+0100,0.0
2026-06-01 23:45:34 BST+0100,0.0
2026-06-01 23:50:32 BST+0100,0.0
2026-06-01 23:55:28 BST+0100,0.0
2026-06-02 00:00:13 BST+0100,0.0
2026-06-02 00:05:53 BST+0100,0.0
2026-06-02 00:10:27 BST+0100,0.0
2026-06-02 00:15:42 BST+0100,0.0
2026-06-02 00:20:24 BST+0100,0.0
2026-06-02 00:25:10 BST+0100,0.0
2026-06-02 00:30:22 BST+0100,0.0
2026-06-02 00:35:05 BST+0100,0.0
2026-06-02 00:40:46 BST+0100,0.0
2026-06-02 00:45:11 BST+0100,0.0
2026-06-02 00:50:22 BST+0100,0.0
2026-06-02 00:55:58 BST+0100,0.0
2026-06-02 01:00:35 BST+0100,0.0
2026-06-02 01:05:27 BST+0100,0.0
2026-06-02 01:10:32 BST+0100,0.0
2026-06-02 01:15:47 BST+0100,0.0
2026-06-02 01:20:15 BST+0100,0.0
2026-06-02 01:25:38 BST+0100,0.0
2026-06-02 01:30:52 BST+0100,0.0
2026-06-02 01:35:34 BST+0100,0.0
2026-06-02 01:40:26 BST+0100,0.0
2026-06-02 01:45:08 BST+0100,0.0
2026-06-02 01:50:14 BST+0100,0.0
2026-06-02 01:55:56 BST+0100,0.0
2026-06-02 02:00:32 BST+0100,0.0
2026-06-02 02:05:18 BST+0100,0.0
2026-06-02 02:10:25 BST+0100,0.0
2026-06-02 02:15:34 BST+0100,0.0
2026-06-02 02:20:32 BST+0100,0.0
2026-06-02 02:25:41 BST+0100,0.0
2026-06-02 02:30:15 BST+0100,0.0
2026-06-02 02:35:38 BST+0100,0.0
2026-06-02 02:40:26 BST+0100,0.0
2026-06-02 02:45:56 BST+0100,0.0
2026-06-02 02:50:09 BST+0100,0.0
2026-06-02 02:55:08 BST+0100,0.0
2026-06-02 03:00:27 BST+0100,0.0
2026-06-02 03:05:30 BST+0100,0.0
2026-06-02 03:10:41 BST+0100,0.0
2026-06-02 03:15:24 BST+0100,0.0
2026-06-02 03:20:54 BST+0100,0.0
2026-06-02 03:25:28 BST+0100,0.0
2026-06-02 03:30:07 BST+0100,0.0
2026-06-02 03:35:07 BST+0100,0.0
2026-06-02 03:40:58 BST+0100,0.0
2026-06-02 03:45:08 BST+0100,0.0
2026-06-02 03:50:56 BST+0100,0.0
2026-06-02 03:55:16 BST+0100,0.0
2026-06-02 04:00:05 BST+0100,0.0
2026-06-02 04:05:18 BST+0100,0.0
2026-06-02 04:10:36 BST+0100,0.0
2026-06-02 04:15:25 BST+0100,0.0
2026-06-02 04:20:47 BST+0100,0.0
2026-06-02 04:25:36 BST+0100,0.0
2026-06-02 04:30:24 BST+0100,0.0
2026-06-02 04:35:38 BST+0100,0.0
2026-06-02 04:40:58 BST+0100,0.0
2026-06-02 04:45:24 BST+0100,0.0
2026-06-02 04:50:09 BST+0100,0.0
2026-06-02 04:55:24 BST+0100,0.0
2026-06-02 05:00:50 BST+0100,0.0
2026-06-02 05:05:13 BST+0100,0.003
2026-06-02 05:10:56 BST+0100,0.01
2026-06-02 05:15:35 BST+0100,0.019
2026-06-02 05:20:36 BST+0100,0.03
2026-06-02 05:25:19 BST+0100,0.043
2026-06-02 05:30:55 BST+0100,0.057
2026-06-02 05:35:02 BST+0100,0.073
2026-06-02 05:40:17 BST+0100,0.09
2026-06-02 05:45:25 BST+0100,0.109
2026-06-02 05:50:28 BST+0100,0.128
2026-06-02 05:55:28 BST+0100,0.149
2026-06-02 06:00:08 BST+0100,0.171
2026-06-02 06:05:13 BST+0100,0.194
2026-06-02 06:10:05 BST+0100,0.218
2026-06-02 06:15:34 BST+0100,0.243
2026-06-02 06:20:21 BST+0100,0.269
2026-06-02 06:25:33 BST+0100,0.296
2026-06-02 06:30:35 BST+0100,0.431
2026-06-02 06:35:42 BST+0100,0.341
2026-06-02 06:40:32 BST+0100,0.495
2026-06-02 06:45:38 BST+0100,0.329
2026-06-02 06:50:35 BST+0100,0.487
2026-06-02 06:55:39 BST+0100,0.499
2026-06-02 07:00:36 BST+0100,0.425
2026-06-02 07:05:18 BST+0100,0.553
2026-06-02 07:10:14 BST+0100,0.692
2026-06-02 07:15:47 BST+0100,0.566
2026-06-02 07:20:20 BST+0100,0.441
2026-06-02 07:25:32 BST+0100,0.666
2026-06-02 07:30:11 BST+0100,0.589
2026-06-02 07:35:25 BST+0100,0.692
2026-06-02 07:40:31 BST+0100,0.761
2026-06-02 07:45:37 BST+0100,0.559
2026-06-02 07:50:31 BST+0100,0.598
2026-06-02 07:55:21 BST+0100,0.954
2026-06-02 08:00:57 BST+0100,0.828
2026-06-02 08:05:30 BST+0100,0.511
2026-06-02 08:10:48 BST+0100,1.125
2026-06-02 08:15:44 BST+0100,1.072
2026-06-02 08:20:33 BST+0100,0.922
2026-06-02 08:25:53 BST+0100,0.835
2026-06-02 08:30:07 BST+0100,1.3
2026-06-02 08:35:55 BST+0100,1.239
2026-06-02 08:40:51 BST+0100,1.718
2026-06-02 08:45:30 BST+0100,1.331
2026-06-02 08:50:44 BST+0100,1.362
2026-06-02 08:55:31 BST+0100,1.27
2026-06-02 09:00:16 BST+0100,1.542
2026-06-02 09:05:47 BST+0100,1.535
2026-06-02 09:10:14 BST+0100,1.733
2026-06-02 09:15:18 BST+0100,1.313
2026-06-02 09:20:31 BST+0100,1.367
2026-06-02 09:25:50 BST+0100,1.386
2026-06-02 09:30:23 BST+0100,1.771
2026-06-02 09:35:29 BST+0100,2.011
2026-06-02 09:40:02 BST+0100,1.483
2026-06-02 09:45:06 BST+0100,1.522
2026-06-02 09:50:03 BST+0100,1.775
2026-06-02 09:55:04 BST+0100,1.636
2026-06-02 10:00:52 BST+0100,2.041
2026-06-02 10:05:50 BST+0100,1.054
2026-06-02 10:10:49 BST+0100,1.534
2026-06-02 10:15:03 BST+0100,1.573
2026-06-02 10:20:04 BST+0100,1.083
2026-06-02 10:25:16 BST+0100,1.56
2026-06-02 10:30:33 BST+0100,1.599
2026-06-02 10:35:20 BST+0100,1.871
2026-06-02 10:40:29 BST+0100,2.361
2026-06-02 10:45:10 BST+0100,1.904
2026-06-02 10:50:43 BST+0100,1.642
2026-06-02 10:55:18 BST+0100,2.019
2026-06-02 11:00:03 BST+0100,2.452
2026-06-02 11:05:44 BST+0100,1.718
2026-06-02 11:10:54 BST+0100,1.76
2026-06-02 11:15:00 BST+0100,2.339
2026-06-02 11:20:26 BST+0100,2.06
2026-06-02 11:25:49 BST+0100,2.416
2026-06-02 11:30:42 BST+0100,2.176
2026-06-02 11:35:51 BST+0100,2.476
2026-06-02 11:40:24 BST+0100,1.802
2026-06-02 11:45:22 BST+0100,2.225
2026-06-02 11:50:42 BST+0100,2.159
2026-06-02 11:55:09 BST+0100,1.763
2026-06-02 12:00:14 BST+0100,1.631
2026-06-02 12:05:36 BST+0100,2.562
2026-06-02 12:10:40 BST+0100,2.146
2026-06-02 12:15:07 BST+0100,1.877
2026-06-02 12:20:30 BST+0100,2.269
2026-06-02 12:25:21 BST+0100,2.786
2026-06-02 12:30:30 BST+0100,1.369
2026-06-02 12:35:57 BST+0100,1.701
2026-06-02 12:40:04 BST+0100,1.945
2026-06-02 12:45:59 BST+0100,2.951
2026-06-02 12:50:26 BST+0100,2.458
2026-06-02 12:55:46 BST+0100,2.663
2026-06-02 13:00:25 BST+0100,1.86
2026-06-02 13:05:18 BST+0100,1.869
2026-06-02 13:10:46 BST+0100,2.527
2026-06-02 13:15:41 BST+0100,2.361
2026-06-02 13:20:08 BST+0100,2.563
2026-06-02 13:25:42 BST+0100,2.25
2026-06-02 13:30:45 BST+0100,2.439
2026-06-02 13:35:23 BST+0100,2.382
2026-06-02 13:40:55 BST+0100,2.632
2026-06-02 13:45:38 BST+0100,2.634
2026-06-02 13:50:20 BST+0100,1.623
2026-06-02 13:55:00 BST+0100,1.358
2026-06-02 14:00:40 BST+0100,2.678
2026-06-02 14:05:12 BST+0100,2.739
2026-06-02 14:10:45 BST+0100,1.831
2026-06-02 14:15:31 BST+0100,1.483
2026-06-02 14:20:28 BST+0100,2.254
2026-06-02 14:25:09 BST+0100,2.567
2026-06-02 14:30:42 BST+0100,2.887
2026-06-02 14:35:09 BST+0100,2.365
2026-06-02 14:40:25 BST+0100,2.002
2026-06-02 14:45:50 BST+0100,1.784
2026-06-02 14:50:55 BST+0100,2.11
2026-06-02 14:55:59 BST+0100,1.972
2026-06-02 15:00:57 BST+0100,1.685
2026-06-02 15:05:33 BST+0100,2.792
2026-06-02 15:10:12 BST+0100,2.664
2026-06-02 15:15:50 BST+0100,2.399
2026-06-02 15:20:48 BST+0100,1.641
2026-06-02 15:25:59 BST+0100,2.24
2026-06-02 15:30:39 BST+0100,2.135
2026-06-02 15:35:08 BST+0100,2.038
2026-06-02 15:40:30 BST+0100,2.278
2026-06-02 15:45:26 BST+0100,2.04
2026-06-02 15:50:50 BST+0100,2.042
2026-06-02 15:55:23 BST+0100,1.976
2026-06-02 16:00:19 BST+0100,1.849
2026-06-02 16:05:04 BST+0100,1.162
2026-06-02 16:10:50 BST+0100,1.705
2026-06-02 16:15:45 BST+0100,1.483
2026-06-02 16:20:02 BST+0100,1.244
2026-06-02 16:25:26 BST+0100,2.063
2026-06-02 16:30:28 BST+0100,2.033
2026-06-02 16:35:28 BST+0100,1.888
2026-06-02 16:40:55 BST+0100,1.551
2026-06-02 16:45:09 BST+0100,1.801
2026-06-02 16:50:18 BST+0100,1.417
2026-06-02 16:55:10 BST+0100,1.43
2026-06-02 17:00:14 BST+0100,1.08
2026-06-02 17:05:54 BST+0100,1.403
2026-06-02 17:10:56 BST+0100,1.287
2026-06-02 17:15:02 BST+0100,0.948
2026-06-02 17:20:37 BST+0100,1.191
2026-06-02 17:25:13 BST+0100,1.149
2026-06-02 17:30:11 BST+0100,1.496
2026-06-02 17:35:17 BST+0100,1.27
2026-06-02 17:40:11 BST+0100,1.06
2026-06-02 17:45:29 BST+0100,1.068
2026-06-02 17:50:59 BST+0100,0.994
2026-06-02 17:55:35 BST+0100,0.915
2026-06-02 18:00:43 BST+0100,0.736
2026-06-02 18:05:29 BST+0100,0.854
2026-06-02 18:10:00 BST+0100,0.729
2026-06-02 18:15:05 BST+0100,0.626
2026-06-02 18:20:16 BST+0100,0.843
2026-06-02 18:25:14 BST+0100,0.789
2026-06-02 18:30:50 BST+0100,0.477
2026-06-02 18:35:50 BST+0100,0.654
2026-06-02 18:40:51 BST+0100,0.748
2026-06-02 18:45:38 BST+0100,0.716
2026-06-02 18:50:33 BST+0100,0.673
2026-06-02 18:55:38 BST+0100,0.539
2026-06-02 19:00:24 BST+0100,0.427
2026-06-02 19:05:40 BST+0100,0.38
2026-06-02 19:10:47 BST+0100,0.468
2026-06-02 19:15:45 BST+0100,0.439
2026-06-02 19:20:36 BST+0100,0.469
2026-06-02 19:25:03 BST+0100,0.421
2026-06-02 19:30:43 BST+0100,0.316
2026-06-02 19:35:21 BST+0100,0.296
2026-06-02 19:40:44 BST+0100,0.269
2026-06-02 19:45:32 BST+0100,0.243
2026-06-02 19:50:52 BST+0100,0.218
2026-06-02 19:55:20 BST+0100,0.194
2026-06-02 20:00:55 BST+0100,0.171
2026-06-02 20:05:50 BST+0100,0.149
2026-06-02 20:10:19 BST+0100,0.128
2026-06-02 20:15:28 BST+0100,0.109
2026-06-02 20:20:31 BST+0100,0.09
2026-06-02 20:25:46 BST+0100,0.073
2026-06-02 20:30:41 BST+0100,0.057
2026-06-02 20:35:51 BST+0100,0.043
2026-06-02 20:40:22 BST+0100,0.03
2026-06-02 20:45:30 BST+0100,0.019
2026-06-02 20:50:25 BST+0100,0.01
2026-06-02 20:55:54 BST+0100,0.003
2026-06-02 21:00:18 BST+0100,0.0
2026-06-02 21:05:35 BST+0100,0.0
2026-06-02 21:10:07 BST+0100,0.0
2026-06-02 21:15:51 BST+0100,0.0
2026-06-02 21:20:23 BST+0100,0.0
2026-06-02 21:25:20 BST+0100,0.0
2026-06-02 21:30:34 BST+0100,0.0
2026-06-02 21:35:29 BST+0100,0.0
2026-06-02 21:40:50 BST+0100,0.0
2026-06-02 21:45:31 BST+0100,0.0
2026-06-02 21:50:31 BST+0100,0.0
2026-06-02 21:55:06 BST+0100,0.0
2026-06-02 22:00:01 BST+0100,0.0
2026-06-02 22:05:23 BST+0100,0.0
2026-06-02 22:10:59 BST+0100,0.0
2026-06-02 22:15:55 BST+0100,0.0
2026-06-02 22:20:37 BST+0100,0.0
2026-06-02 22:25:37 BST+0100,0.0
2026-06-02 22:30:23 BST+0100,0.0
2026-06-02 22:35:10 BST+0100,0.0
2026-06-02 22:40:00 BST+0100,0.0
2026-06-02 22:45:20 BST+0100,0.0
2026-06-02 22:50:18 BST+0100,0.0
2026-06-02 22:55:11 BST+0100,0.0
2026-06-02 23:00:15 BST+0100,0.0
2026-06-02 23:05:01 BST+0100,0.0
2026-06-02 23:10:36 BST+0100,0.0
2026-06-02 23:15:55 BST+0100,0.0
2026-06-02 23:20:41 BST+0100,0.0
2026-06-02 23:25:26 BST+0100,0.0
2026-06-02 23:30:25 BST+0100,0.0
2026-06-02 23:35:18 BST+0100,0.0
2026-06-02 23:40:08 BST+0100,0.0
2026-06-02 23:45:35 BST+0100,0.0
2026-06-02 23:50:33 BST+0100,0.0
2026-06-02 23:55:00 BST+0100,0.0
2026-06-03 00:00:11 BST+0100,0.0
2026-06-03 00:05:05 BST+0100,0.0
2026-06-03 00:10:28 BST+0100,0.0
2026-06-03 00:15:45 BST+0100,0.0
2026-06-03 00:20:35 BST+0100,0.0
2026-06-03 00:25:52 BST+0100,0.0
2026-06-03 00:30:20 BST+0100,0.0
2026-06-03 00:35:16 BST+0100,0.0
2026-06-03 00:40:28 BST+0100,0.0
2026-06-03 00:45:12 BST+0100,0.0
2026-06-03 00:50:58 BST+0100,0.0
2026-06-03 00:55:11 BST+0100,0.0
2026-06-03 01:00:28 BST+0100,0.0
2026-06-03 01:05:31 BST+0100,0.0
2026-06-03 01:10:03 BST+0100,0.0
2026-06-03 01:15:28 BST+0100,0.0
2026-06-03 01:20:27 BST+0100,0.0
2026-06-03 01:25:15 BST+0100,0.0
2026-06-03 01:30:07 BST+0100,0.0
2026-06-03 01:35:02 BST+0100,0.0
2026-06-03 01:40:00 BST+0100,0.0
2026-06-03 01:45:28 BST+0100,0.0
2026-06-03 01:50:05 BST+0100,0.0
2026-06-03 01:55:57 BST+0100,0.0
2026-06-03 02:00:14 BST+0100,0.0
2026-06-03 02:05:39 BST+0100,0.0
2026-06-03 02:10:40 BST+0100,0.0
2026-06-03 02:15:29 BST+0100,0.0
2026-06-03 02:20:53 BST+0100,0.0
2026-06-03 02:25:06 BST+0100,0.0
2026-06-03 02:30:14 BST+0100,0.0
2026-06-03 02:35:15 BST+0100,0.0
2026-06-03 02:40:08 BST+0100,0.0
2026-06-03 02:45:17 BST+0100,0.0
2026-06-03 02:50:18 BST+0100,0.0
2026-06-03 02:55:45 BST+0100,0.0
2026-06-03 03:00:18 BST+0100,0.0
2026-06-03 03:05:52 BST+0100,0.0
2026-06-03 03:10:46 BST+0100,0.0
2026-06-03 03:15:54 BST+0100,0.0
2026-06-03 03:20:06 BST+0100,0.0
2026-06-03 03:25:59 BST+0100,0.0
2026-06-03 03:30:36 BST+0100,0.0
2026-06-03 03:35:58 BST+0100,0.0
2026-06-03 03:40:21 BST+0100,0.0
2026-06-03 03:45:57 BST+0100,0.0
2026-06-03 03:50:35 BST+0100,0.0
2026-06-03 03:55:04 BST+0100,0.0
2026-06-03 04:00:24 BST+0100,0.0
2026-06-03 04:05:08 BST+0100,0.0
2026-06-03 04:10:56 BST+0100,0.0
2026-06-03 04:15:18 BST+0100,0.0
2026-06-03 04:20:13 BST+0100,0.0
2026-06-03 04:25:33 BST+0100,0.0
2026-06-03 04:30:25 BST+0100,0.0
2026-06-03 04:35:05 BST+0100,0.0
2026-06-03 04:40:48 BST+0100,0.0
2026-06-03 04:45:50 BST+0100,0.0
2026-06-03 04:50:44 BST+0100,0.0
2026-06-03 04:55:37 BST+0100,0.0
2026-06-03 05:00:24 BST+0100,0.0
2026-06-03 05:05:32 BST+0100,0.004
2026-06-03 05:10:31 BST+0100,0.013
2026-06-03 05:15:09 BST+0100,0.025
2026-06-03 05:20:04 BST+0100,0.04
2026-06-03 05:25:15 BST+0100,0.057
2026-06-03 05:30:27 BST+0100,0.077
2026-06-03 05:35:09 BST+0100,0.098
2026-06-03 05:40:06 BST+0100,0.121
2026-06-03 05:45:51 BST+0100,0.146
2026-06-03 05:50:22 BST+0100,0.173
2026-06-03 05:55:35 BST+0100,0.201
2026-06-03 06:00:31 BST+0100,0.231
2026-06-03 06:05:44 BST+0100,0.262
2026-06-03 06:10:44 BST+0100,0.294
2026-06-03 06:15:17 BST+0100,0.493
2026-06-03 06:20:50 BST+0100,0.324
2026-06-03 06:25:22 BST+0100,0.501
2026-06-03 06:30:50 BST+0100,0.455
2026-06-03 06:35:24 BST+0100,0.461
2026-06-03 06:40:06 BST+0100,0.553
2026-06-03 06:45:45 BST+0100,0.559
2026-06-03 06:50:01 BST+0100,0.605
2026-06-03 06:55:46 BST+0100,0.589
2026-06-03 07:00:02 BST+0100,0.507
2026-06-03 07:05:12 BST+0100,0.521
2026-06-03 07:10:36 BST+0100,0.855
2026-06-03 07:15:56 BST+0100,0.769
2026-06-03 07:20:24 BST+0100,0.763
2026-06-03 07:25:07 BST+0100,0.901
2026-06-03 07:30:13 BST+0100,1.082
2026-06-03 07:35:53 BST+0100,1.025
2026-06-03 07:40:43 BST+0100,0.917
2026-06-03 07:45:06 BST+0100,1.327
2026-06-03 07:50:23 BST+0100,1.457
2026-06-03 07:55:15 BST+0100,1.288
2026-06-03 08:00:10 BST+0100,1.446
2026-06-03 08:05:50 BST+0100,1.565
2026-06-03 08:10:37 BST+0100,1.597
2026-06-03 08:15:10 BST+0100,1.528
2026-06-03 08:20:39 BST+0100,1.578
2026-06-03 08:25:24 BST+0100,1.611
2026-06-03 08:30:03 BST+0100,1.221
2026-06-03 08:35:26 BST+0100,1.768
2026-06-03 08:40:11 BST+0100,1.224
2026-06-03 08:45:14 BST+0100,1.428
2026-06-03 08:50:52 BST+0100,2.117
2026-06-03 08:55:42 BST+0100,2.029
2026-06-03 09:00:08 BST+0100,2.295
2026-06-03 09:05:51 BST+0100,1.767
2026-06-03 09:10:34 BST+0100,1.509
2026-06-03 09:15:52 BST+0100,1.866
2026-06-03 09:20:44 BST+0100,2.034
2026-06-03 09:25:20 BST+0100,2.071
2026-06-03 09:30:32 BST+0100,2.514
2026-06-03 09:35:31 BST+0100,1.993
2026-06-03 09:40:43 BST+0100,2.314
2026-06-03 09:45:14 BST+0100,1.825
2026-06-03 09:50:19 BST+0100,2.446
2026-06-03 09:55:14 BST+0100,2.306
2026-06-03 10:00:17 BST+0100,2.029
2026-06-03 10:05:09 BST+0100,2.285
2026-06-03 10:10:02 BST+0100,2.346
2026-06-03 10:15:56 BST+0100,2.346
2026-06-03 10:20:04 BST+0100,3.302
2026-06-03 10:25:53 BST+0100,2.496
2026-06-03 10:30:00 BST+0100,2.465
2026-06-03 10:35:46 BST+0100,1.627
2026-06-03 10:40:19 BST+0100,2.222
2026-06-03 10:45:31 BST+0100,2.555
2026-06-03 10:50:16 BST+0100,2.379
2026-06-03 10:55:29 BST+0100,3.429
2026-06-03 11:00:27 BST+0100,2.694
2026-06-03 11:05:31 BST+0100,3.457
2026-06-03 11:10:23 BST+0100,2.866
2026-06-03 11:15:32 BST+0100,2.881
2026-06-03 11:20:49 BST+0100,2.842
2026-06-03 11:25:26 BST+0100,2.915
2026-06-03 11:30:21 BST+0100,3.846
2026-06-03 11:35:07 BST+0100,1.724
2026-06-03 11:40:21 BST+0100,1.907
2026-06-03 11:45:07 BST+0100,2.708
2026-06-03 11:50:10 BST+0100,3.029
2026-06-03 11:55:57 BST+0100,3.416
2026-06-03 12:00:05 BST+0100,3.316
2026-06-03 12:05:28 BST+0100,2.858
2026-06-03 12:10:50 BST+0100,3.65
2026-06-03 12:15:57 BST+0100,3.672
2026-06-03 12:20:08 BST+0100,3.212
2026-06-03 12:25:09 BST+0100,3.659
2026-06-03 12:30:22 BST+0100,3.281
2026-06-03 12:35:33 BST+0100,2.818
2026-06-03 12:40:57 BST+0100,3.535
2026-06-03 12:45:12 BST+0100,3.208
2026-06-03 12:50:09 BST+0100,3.15
2026-06-03 12:55:15 BST+0100,3.986
2026-06-03 13:00:52 BST+0100,1.761
2026-06-03 13:05:01 BST+0100,2.347
2026-06-03 13:10:22 BST+0100,2.476
2026-06-03 13:15:07 BST+0100,2.94
2026-06-03 13:20:09 BST+0100,2.997
2026-06-03 13:25:55 BST+0100,2.284
2026-06-03 13:30:00 BST+0100,2.573
2026-06-03 13:35:19 BST+0100,2.635
2026-06-03 13:40:54 BST+0100,4.484
2026-06-03 13:45:36 BST+0100,4.102
2026-06-03 13:50:04 BST+0100,2.856
2026-06-03 13:55:27 BST+0100,2.87
2026-06-03 14:00:58 BST+0100,2.423
2026-06-03 14:05:24 BST+0100,1.995
2026-06-03 14:10:31 BST+0100,2.957
2026-06-03 14:15:31 BST+0100,2.463
2026-06-03 14:20:39 BST+0100,2.936
2026-06-03 14:25:11 BST+0100,2.107
2026-06-03 14:30:50 BST+0100,2.535
2026-06-03 14:35:59 BST+0100,2.991
2026-06-03 14:40:08 BST+0100,3.079
2026-06-03 14:45:49 BST+0100,3.077
2026-06-03 14:50:49 BST+0100,2.161
2026-06-03 14:55:44 BST+0100,3.238
2026-06-03 15:00:22 BST+0100,2.377
2026-06-03 15:05:28 BST+0100,3.059
2026-06-03 15:10:50 BST+0100,2.709
2026-06-03 15:15:09 BST+0100,2.017
2026-06-03 15:20:49 BST+0100,2.497
2026-06-03 15:25:55 BST+0100,2.785
2026-06-03 15:30:40 BST+0100,2.862
2026-06-03 15:35:20 BST+0100,2.477
2026-06-03 15:40:33 BST+0100,3.194
2026-06-03 15:45:03 BST+0100,2.913
2026-06-03 15:50:55 BST+0100,2.314
2026-06-03 15:55:20 BST+0100,2.709
2026-06-03 16:00:03 BST+0100,3.162
2026-06-03 16:05:47 BST+0100,3.118
2026-06-03 16:10:39 BST+0100,1.762
2026-06-03 16:15:37 BST+0100,1.849
2026-06-03 16:20:03 BST+0100,2.758
2026-06-03 16:25:45 BST+0100,1.726
2026-06-03 16:30:38 BST+0100,1.591
2026-06-03 16:35:47 BST+0100,1.864
2026-06-03 16:40:49 BST+0100,2.148
2026-06-03 16:45:12 BST+0100,1.915
2026-06-03 16:50:12 BST+0100,1.681
2026-06-03 16:55:55 BST+0100,1.632
2026-06-03 17:00:31 BST+0100,1.578
2026-06-03 17:05:26 BST+0100,1.484
2026-06-03 17:10:17 BST+0100,2.419
2026-06-03 17:15:38 BST+0100,1.756
2026-06-03 17:20:45 BST+0100,1.877
2026-06-03 17:25:00 BST+0100,1.432
2026-06-03 17:30:33 BST+0100,1.471
2026-06-03 17:35:59 BST+0100,1.284
2026-06-03 17:40:16 BST+0100,0.745
2026-06-03 17:45:16 BST+0100,1.035
2026-06-03 17:50:52 BST+0100,0.895
2026-06-03 17:55:03 BST+0100,0.761
2026-06-03 18:00:23 BST+0100,0.966
2026-06-03 18:05:27 BST+0100,1.465
2026-06-03 18:10:47 BST+0100,1.126
2026-06-03 18:15:07 BST+0100,1.339
2026-06-03 18:20:26 BST+0100,1.117
2026-06-03 18:25:09 BST+0100,1.133
2026-06-03 18:30:47 BST+0100,0.793
2026-06-03 18:35:37 BST+0100,0.985
2026-06-03 18:40:29 BST+0100,0.966
2026-06-03 18:45:23 BST+0100,0.725
2026-06-03 18:50:09 BST+0100,0.842
2026-06-03 18:55:55 BST+0100,0.794
2026-06-03 19:00:38 BST+0100,0.611
2026-06-03 19:05:19 BST+0100,0.507
2026-06-03 19:10:24 BST+0100,0.467
2026-06-03 19:15:43 BST+0100,0.561
2026-06-03 19:20:43 BST+0100,0.543
2026-06-03 19:25:27 BST+0100,0.406
2026-06-03 19:30:18 BST+0100,0.438
2026-06-03 19:35:39 BST+0100,0.439
2026-06-03 19:40:39 BST+0100,0.403
2026-06-03 19:45:35 BST+0100,0.419
2026-06-03 19:50:04 BST+0100,0.294
2026-06-03 19:55:28 BST+0100,0.262
2026-06-03 20:00:36 BST+0100,0.231
2026-06-03 20:05:57 BST+0100,0.201
2026-06-03 20:10:31 BST+0100,0.173
2026-06-03 20:15:20 BST+0100,0.146
2026-06-03 20:20:33 BST+0100,0.121
2026-06-03 20:25:10 BST+0100,0.098
2026-06-03 20:30:05 BST+0100,0.077
2026-06-03 20:35:40 BST+0100,0.057
2026-06-03 20:40:59 BST+0100,0.04
2026-06-03 20:45:50 BST+0100,0.025
2026-06-03 20:50:35 BST+0100,0.013
2026-06-03 20:55:02 BST+0100,0.004
2026-06-03 21:00:59 BST+0100,0.0
2026-06-03 21:05:26 BST+0100,0.0
2026-06-03 21:10:17 BST+0100,0.0
2026-06-03 21:15:53 BST+0100,0.0
2026-06-03 21:20:44 BST+0100,0.0
2026-06-03 21:25:44 BST+0100,0.0
2026-06-03 21:30:16 BST+0100,0.0
2026-06-03 21:35:59 BST+0100,0.0
2026-06-03 21:40:27 BST+0100,0.0
2026-06-03 21:45:31 BST+0100,0.0
2026-06-03 21:50:45 BST+0100,0.0
2026-06-03 21:55:39 BST+0100,0.0
2026-06-03 22:00:10 BST+0100,0.0
2026-06-03 22:05:18 BST+0100,0.0
2026-06-03 22:10:21 BST+0100,0.0
2026-06-03 22:15:56 BST+0100,0.0
2026-06-03 22:20:42 BST+0100,0.0
2026-06-03 22:25:21 BST+0100,0.0
2026-06-03 22:30:44 BST+0100,0.0
2026-06-03 22:35:44 BST+0100,0.0
2026-06-03 22:40:23 BST+0100,0.0
2026-06-03 22:45:24 BST+0100,0.0
2026-06-03 22:50:53 BST+0100,0.0
2026-06-03 22:55:33 BST+0100,0.0
2026-06-03 23:00:08 BST+0100,0.0
2026-06-03 23:05:43 BST+0100,0.0
2026-06-03 23:10:35 BST+0100,0.0
2026-06-03 23:15:30 BST+0100,0.0
2026-06-03 23:20:43 BST+0100,0.0
2026-06-03 23:25:54 BST+0100,0.0
2026-06-03 23:30:19 BST+0100,0.0
2026-06-03 23:35:25 BST+0100,0.0
2026-06-03 23:40:11 BST+0100,0.0
2026-06-03 23:45:38 BST+0100,0.0
2026-06-03 23:50:24 BST+0100,0.0
2026-06-03 23:55:20 BST+0100,0.0
2026-06-04 00:00:40 BST+0100,0.0
2026-06-04 00:05:09 BST+0100,0.0
2026-06-04 00:10:26 BST+0100,0.0
2026-06-04 00:15:46 BST+0100,0.0
2026-06-04 00:20:08 BST+0100,0.0
2026-06-04 00:25:29 BST+0100,0.0
2026-06-04 00:30:12 BST+0100,0.0
2026-06-04 00:35:32 BST+0100,0.0
2026-06-04 00:40:14 BST+0100,0.0
2026-06-04 00:45:57 BST+0100,0.0
2026-06-04 00:50:04 BST+0100,0.0
2026-06-04 00:55:57 BST+0100,0.0
2026-06-04 01:00:47 BST+0100,0.0
2026-06-04 01:05:51 BST+0100,0.0
2026-06-04 01:10:51 BST+0100,0.0
2026-06-04 01:15:11 BST+0100,0.0
2026-06-04 01:20:55 BST+0100,0.0
2026-06-04 01:25:35 BST+0100,0.0
2026-06-04 01:30:57 BST+0100,0.0
2026-06-04 01:35:52 BST+0100,0.0
2026-06-04 01:40:34 BST+0100,0.0
2026-06-04 01:45:22 BST+0100,0.0
2026-06-04 01:50:07 BST+0100,0.0
2026-06-04 01:55:06 BST+0100,0.0
2026-06-04 02:00:23 BST+0100,0.0
2026-06-04 02:05:48 BST+0100,0.0
2026-06-04 02:10:30 BST+0100,0.0
2026-06-04 02:15:28 BST+0100,0.0
2026-06-04 02:20:14 BST+0100,0.0
2026-06-04 02:25:33 BST+0100,0.0
2026-06-04 02:30:38 BST+0100,0.0
2026-06-04 02:35:58 BST+0100,0.0
2026-06-04 02:40:43 BST+0100,0.0
2026-06-04 02:45:36 BST+0100,0.0
2026-06-04 02:50:54 BST+0100,0.0
2026-06-04 02:55:25 BST+0100,0.0
2026-06-04 03:00:56 BST+0100,0.0
2026-06-04 03:05:22 BST+0100,0.0
2026-06-04 03:10:07 BST+0100,0.0
2026-06-04 03:15:25 BST+0100,0.0
2026-06-04 03:20:07 BST+0100,0.0
2026-06-04 03:25:07 BST+0100,0.0
2026-06-04 03:30:52 BST+0100,0.0
2026-06-04 03:35:47 BST+0100,0.0
2026-06-04 03:40:13 BST+0100,0.0
2026-06-04 03:45:50 BST+0100,0.0
2026-06-04 03:50:04 BST+0100,0.0
2026-06-04 03:55:17 BST+0100,0.0
2026-06-04 04:00:42 BST+0100,0.0
2026-06-04 04:05:18 BST+0100,0.0
2026-06-04 04:10:43 BST+0100,0.0
2026-06-04 04:15:52 BST+0100,0.0
2026-06-04 04:20:03 BST+0100,0.0
2026-06-04 04:25:01 BST+0100,0.0
2026-06-04 04:30:56 BST+0100,0.0
2026-06-04 04:35:31 BST+0100,0.0
2026-06-04 04:40:30 BST+0100,0.0
2026-06-04 04:45:27 BST+0100,0.0
2026-06-04 04:50:26 BST+0100,0.0
2026-06-04 04:55:41 BST+0100,0.0
2026-06-04 05:00:34 BST+0100,0.0
2026-06-04 05:05:09 BST+0100,0.005
2026-06-04 05:10:37 BST+0100,0.014
2026-06-04 05:15:40 BST+0100,0.026
2026-06-04 05:20:06 BST+0100,0.042
2026-06-04 05:25:22 BST+0100,0.059
2026-06-04 05:30:47 BST+0100,0.079
2026-06-04 05:35:37 BST+0100,0.101
2026-06-04 05:40:08 BST+0100,0.125
2026-06-04 05:45:02 BST+0100,0.151
2026-06-04 05:50:34 BST+0100,0.179
2026-06-04 05:55:27 BST+0100,0.208
2026-06-04 06:00:57 BST+0100,0.239
2026-06-04 06:05:31 BST+0100,0.271
2026-06-04 06:10:55 BST+0100,0.302
2026-06-04 06:15:12 BST+0100,0.461
2026-06-04 06:20:26 BST+0100,0.384
2026-06-04 06:25:08 BST+0100,0.417
2026-06-04 06:30:34 BST+0100,0.495
2026-06-04 06:35:11 BST+0100,0.569
2026-06-04 06:40:29 BST+0100,0.34
2026-06-04 06:45:20 BST+0100,0.399
2026-06-04 06:50:11 BST+0100,0.637
2026-06-04 06:55:05 BST+0100,0.572
2026-06-04 07:00:30 BST+0100,0.866
2026-06-04 07:05:56 BST+0100,0.703
2026-06-04 07:10:11 BST+0100,0.516
2026-06-04 07:15:24 BST+0100,0.646
2026-06-04 07:20:13 BST+0100,0.446
2026-06-04 07:25:48 BST+0100,0.892
2026-06-04 07:30:24 BST+0100,0.945
2026-06-04 07:35:58 BST+0100,0.948
2026-06-04 07:40:14 BST+0100,1.284
2026-06-04 07:45:04 BST+0100,1.367
2026-06-04 07:50:34 BST+0100,1.137
2026-06-04 07:55:39 BST+0100,0.753
2026-06-04 08:00:59 BST+0100,1.414
2026-06-04 08:05:52 BST+0100,1.455
2026-06-04 08:10:53 BST+0100,1.449
2026-06-04 08:15:38 BST+0100,1.674
2026-06-04 08:20:21 BST+0100,1.164
2026-06-04 08:25:25 BST+0100,2.074
2026-06-04 08:30:08 BST+0100,1.302
2026-06-04 08:35:25 BST+0100,1.843
2026-06-04 08:40:21 BST+0100,1.165
2026-06-04 08:45:02 BST+0100,1.435
2026-06-04 08:50:12 BST+0100,2.258
2026-06-04 08:55:32 BST+0100,1.737
2026-06-04 09:00:22 BST+0100,2.155
2026-06-04 09:05:59 BST+0100,2.003
2026-06-04 09:10:28 BST+0100,1.932
2026-06-04 09:15:57 BST+0100,2.513
2026-06-04 09:20:39 BST+0100,1.977
2026-06-04 09:25:02 BST+0100,1.435
2026-06-04 09:30:12 BST+0100,1.847
2026-06-04 09:35:42 BST+0100,2.424
2026-06-04 09:40:32 BST+0100,2.411
2026-06-04 09:45:18 BST+0100,1.648
2026-06-04 09:50:31 BST+0100,2.035
2026-06-04 09:55:54 BST+0100,2.134
2026-06-04 10:00:23 BST+0100,2.266
2026-06-04 10:05:02 BST+0100,1.857
2026-06-04 10:10:18 BST+0100,2.226
2026-06-04 10:15:56 BST+0100,2.215
2026-06-04 10:20:45 BST+0100,2.949
2026-06-04 10:25:50 BST+0100,3.011
2026-06-04 10:30:54 BST+0100,2.596
2026-06-04 10:35:07 BST+0100,2.512
2026-06-04 10:40:16 BST+0100,2.808
2026-06-04 10:45:03 BST+0100,2.366
2026-06-04 10:50:00 BST+0100,2.228
2026-06-04 10:55:50 BST+0100,2.359
2026-06-04 11:00:56 BST+0100,2.544
2026-06-04 11:05:09 BST+0100,2.294
2026-06-04 11:10:43 BST+0100,3.017
2026-06-04 11:15:32 BST+0100,3.349
2026-06-04 11:20:04 BST+0100,2.134
2026-06-04 11:25:54 BST+0100,3.027
2026-06-04 11:30:52 BST+0100,2.918
2026-06-04 11:35:34 BST+0100,3.25
2026-06-04 11:40:42 BST+0100,3.076
2026-06-04 11:45:23 BST+0100,2.292
2026-06-04 11:50:47 BST+0100,2.414
2026-06-04 11:55:26 BST+0100,3.159
2026-06-04 12:00:59 BST+0100,3.745
2026-06-04 12:05:03 BST+0100,1.91
2026-06-04 12:10:10 BST+0100,3.389
2026-06-04 12:15:58 BST+0100,3.889
2026-06-04 12:20:17 BST+0100,3.126
2026-06-04 12:25:18 BST+0100,3.545
2026-06-04 12:30:47 BST+0100,2.825
2026-06-04 12:35:11 BST+0100,3.172
2026-06-04 12:40:30 BST+0100,2.301
2026-06-04 12:45:17 BST+0100,1.88
2026-06-04 12:50:11 BST+0100,3.809
2026-06-04 12:55:57 BST+0100,2.681
2026-06-04 13:00:11 BST+0100,2.992
2026-06-04 13:05:05 BST+0100,2.446
2026-06-04 13:10:40 BST+0100,2.43
2026-06-04 13:15:52 BST+0100,3.151
2026-06-04 13:20:07 BST+0100,2.822
2026-06-04 13:25:42 BST+0100,3.463
2026-06-04 13:30:32 BST+0100,3.498
2026-06-04 13:35:49 BST+0100,3.412
2026-06-04 13:40:07 BST+0100,3.353
2026-06-04 13:45:58 BST+0100,4.113
2026-06-04 13:50:37 BST+0100,2.577
2026-06-04 13:55:50 BST+0100,3.144
2026-06-04 14:00:21 BST+0100,3.804
2026-06-04 14:05:56 BST+0100,3.858
2026-06-04 14:10:37 BST+0100,2.325
2026-06-04 14:15:07 BST+0100,2.93
2026-06-04 14:20:55 BST+0100,3.837
2026-06-04 14:25:47 BST+0100,3.341
2026-06-04 14:30:18 BST+0100,3.145
2026-06-04 14:35:32 BST+0100,2.895
2026-06-04 14:40:23 BST+0100,2.781
2026-06-04 14:45:32 BST+0100,3.114
2026-06-04 14:50:57 BST+0100,2.799
2026-06-04 14:55:53 BST+0100,2.88
2026-06-04 15:00:12 BST+0100,2.912
2026-06-04 15:05:58 BST+0100,2.493
2026-06-04 15:10:26 BST+0100,3.076
2026-06-04 15:15:42 BST+0100,4.228
2026-06-04 15:20:45 BST+0100,1.863
2026-06-04 15:25:28 BST+0100,2.86
2026-06-04 15:30:27 BST+0100,2.301
2026-06-04 15:35:27 BST+0100,2.901
2026-06-04 15:40:51 BST+0100,2.611
2026-06-04 15:45:23 BST+0100,2.899
2026-06-04 15:50:16 BST+0100,3.04
2026-06-04 15:55:21 BST+0100,2.554
2026-06-04 16:00:11 BST+0100,2.92
2026-06-04 16:05:23 BST+0100,1.378
2026-06-04 16:10:06 BST+0100,3.01
2026-06-04 16:15:05 BST+0100,2.45
2026-06-04 16:20:43 BST+0100,2.687
2026-06-04 16:25:04 BST+0100,1.721
2026-06-04 16:30:34 BST+0100,1.836
2026-06-04 16:35:46 BST+0100,2.168
2026-06-04 16:40:43 BST+0100,2.059
2026-06-04 16:45:26 BST+0100,2.12
2026-06-04 16:50:11 BST+0100,2.354
2026-06-04 16:55:55 BST+0100,1.311
2026-06-04 17:00:50 BST+0100,2.2
2026-06-04 17:05:36 BST+0100,1.826
2026-06-04 17:10:05 BST+0100,1.708
2026-06-04 17:15:02 BST+0100,1.267
2026-06-04 17:20:18 BST+0100,1.825
2026-06-04 17:25:09 BST+0100,0.918
2026-06-04 17:30:51 BST+0100,1.757
2026-06-04 17:35:12 BST+0100,1.114
2026-06-04 17:40:16 BST+0100,1.487
2026-06-04 17:45:58 BST+0100,1.392
2026-06-04 17:50:49 BST+0100,1.662
2026-06-04 17:55:13 BST+0100,1.28
2026-06-04 18:00:23 BST+0100,1.114
2026-06-04 18:05:30 BST+0100,1.111
2026-06-04 18:10:39 BST+0100,1.442
2026-06-04 18:15:56 BST+0100,1.233
2026-06-04 18:20:52 BST+0100,1.001
2026-06-04 18:25:58 BST+0100,0.983
2026-06-04 18:30:02 BST+0100,0.702
2026-06-04 18:35:14 BST+0100,0.996
2026-06-04 18:40:33 BST+0100,0.604
2026-06-04 18:45:02 BST+0100,0.95
2026-06-04 18:50:21 BST+0100,0.809
2026-06-04 18:55:09 BST+0100,1.066
2026-06-04 19:00:55 BST+0100,0.562
2026-06-04 19:05:03 BST+0100,0.645
2026-06-04 19:10:08 BST+0100,0.813
2026-06-04 19:15:11 BST+0100,0.694
2026-06-04 19:20:08 BST+0100,0.464
2026-06-04 19:25:34 BST+0100,0.51
2026-06-04 19:30:21 BST+0100,0.451
2026-06-04 19:35:54 BST+0100,0.433
2026-06-04 19:40:15 BST+0100,0.328
2026-06-04 19:45:32 BST+0100,0.333
2026-06-04 19:50:39 BST+0100,0.217
2026-06-04 19:55:37 BST+0100,0.271
2026-06-04 20:00:47 BST+0100,0.239
2026-06-04 20:05:12 BST+0100,0.208
2026-06-04 20:10:30 BST+0100,0.179
2026-06-04 20:15:48 BST+0100,0.151
2026-06-04 20:20:51 BST+0100,0.125
2026-06-04 20:25:37 BST+0100,0.101
2026-06-04 20:30:39 BST+0100,0.079
2026-06-04 20:35:51 BST+0100,0.059
2026-06-04 20:40:37 BST+0100,0.042
2026-06-04 20:45:56 BST+0100,0.026
2026-06-04 20:50:07 BST+0100,0.014
2026-06-04 20:55:20 BST+0100,0.005
2026-06-04 21:00:06 BST+0100,0.0
2026-06-04 21:05:05 BST+0100,0.0
2026-06-04 21:10:28 BST+0100,0.0
2026-06-04 21:15:13 BST+0100,0.0
2026-06-04 21:20:24 BST+0100,0.0
2026-06-04 21:25:26 BST+0100,0.0
2026-06-04 21:30:37 BST+0100,0.0
2026-06-04 21:35:56 BST+0100,0.0
2026-06-04 21:40:50 BST+0100,0.0
2026-06-04 21:45:22 BST+0100,0.0
2026-06-04 21:50:19 BST+0100,0.0
2026-06-04 21:55:46 BST+0100,0.0
2026-06-04 22:00:07 BST+0100,0.0
2026-06-04 22:05:32 BST+0100,0.0
2026-06-04 22:10:25 BST+0100,0.0
2026-06-04 22:15:10 BST+0100,0.0
2026-06-04 22:20:36 BST+0100,0.0
2026-06-04 22:25:19 BST+0100,0.0
2026-06-04 22:30:11 BST+0100,0.0
2026-06-04 22:35:39 BST+0100,0.0
2026-06-04 22:40:10 BST+0100,0.0
2026-06-04 22:45:40 BST+0100,0.0
2026-06-04 22:50:09 BST+0100,0.0
2026-06-04 22:55:26 BST+0100,0.0
2026-06-04 23:00:48 BST+0100,0.0
2026-06-04 23:05:13 BST+0100,0.0
2026-06-04 23:10:46 BST+0100,0.0
2026-06-04 23:15:43 BST+0100,0.0
2026-06-04 23:20:54 BST+0100,0.0
2026-06-04 23:25:10 BST+0100,0.0
2026-06-04 23:30:42 BST+0100,0.0
2026-06-04 23:35:56 BST+0100,0.0
2026-06-04 23:40:45 BST+0100,0.0
2026-06-04 23:45:11 BST+0100,0.0
2026-06-04 23:50:49 BST+0100,0.0
2026-06-04 23:55:06 BST+0100,0.0
2026-06-05 00:00:22 BST+0100,0.0
2026-06-05 00:05:04 BST+0100,0.0
2026-06-05 00:10:03 BST+0100,0.0
2026-06-05 00:15:59 BST+0100,0.0
2026-06-05 00:20:05 BST+0100,0.0
2026-06-05 00:25:04 BST+0100,0.0
2026-06-05 00:30:01 BST+0100,0.0
2026-06-05 00:35:07 BST+0100,0.0
2026-06-05 00:40:31 BST+0100,0.0
2026-06-05 00:45:49 BST+0100,0.0
2026-06-05 00:50:44 BST+0100,0.0
2026-06-05 00:55:34 BST+0100,0.0
2026-06-05 01:00:05 BST+0100,0.0
2026-06-05 01:05:46 BST+0100,0.0
2026-06-05 01:10:02 BST+0100,0.0
2026-06-05 01:15:37 BST+0100,0.0
2026-06-05 01:20:24 BST+0100,0.0
2026-06-05 01:25:52 BST+0100,0.0
2026-06-05 01:30:18 BST+0100,0.0
2026-06-05 01:35:38 BST+0100,0.0
2026-06-05 01:40:26 BST+0100,0.0
2026-06-05 01:45:31 BST+0100,0.0
2026-06-05 01:50:56 BST+0100,0.0
2026-06-05 01:55:42 BST+0100,0.0
2026-06-05 02:00:24 BST+0100,0.0
2026-06-05 02:05:26 BST+0100,0.0
2026-06-05 02:10:42 BST+0100,0.0
2026-06-05 02:15:20 BST+0100,0.0
2026-06-05 02:20:10 BST+0100,0.0
2026-06-05 02:25:28 BST+0100,0.0
2026-06-05 02:30:04 BST+0100,0.0
2026-06-05 02:35:10 BST+0100,0.0
2026-06-05 02:40:25 BST+0100,0.0
2026-06-05 02:45:47 BST+0100,0.0
2026-06-05 02:50:46 BST+0100,0.0
2026-06-05 02:55:15 BST+0100,0.0
2026-06-05 03:00:25 BST+0100,0.0
2026-06-05 03:05:09 BST+0100,0.0
2026-06-05 03:10:45 BST+0100,0.0
2026-06-05 03:15:14 BST+0100,0.0
2026-06-05 03:20:47 BST+0100,0.0
2026-06-05 03:25:50 BST+0100,0.0
2026-06-05 03:30:41 BST+0100,0.0
2026-06-05 03:35:19 BST+0100,0.0
2026-06-05 03:40:57 BST+0100,0.0
2026-06-05 03:45:41 BST+0100,0.0
2026-06-05 03:50:38 BST+0100,0.0
2026-06-05 03:55:51 BST+0100,0.0
2026-06-05 04:00:52 BST+0100,0.0
2026-06-05 04:05:04 BST+0100,0.0
2026-06-05 04:10:52 BST+0100,0.0
2026-06-05 04:15:45 BST+0100,0.0
2026-06-05 04:20:12 BST+0100,0.0
2026-06-05 04:25:18 BST+0100,0.0
2026-06-05 04:30:45 BST+0100,0.0
2026-06-05 04:35:12 BST+0100,0.0
2026-06-05 04:40:27 BST+0100,0.0
2026-06-05 04:45:41 BST+0100,0.0
2026-06-05 04:50:39 BST+0100,0.0
2026-06-05 04:55:54 BST+0100,0.0
2026-06-05 05:00:06 BST+0100,0.0
2026-06-05 05:05:17 BST+0100,0.004
2026-06-05 05:10:59 BST+0100,0.011
2026-06-05 05:15:34 BST+0100,0.021
2026-06-05 05:20:14 BST+0100,0.034
2026-06-05 05:25:17 BST+0100,0.048
2026-06-05 05:30:20 BST+0100,0.065
2026-06-05 05:35:33 BST+0100,0.083
2026-06-05 05:40:17 BST+0100,0.102
2026-06-05 05:45:37 BST+0100,0.123
2026-06-05 05:50:26 BST+0100,0.146
2026-06-05 05:55:36 BST+0100,0.169
2026-06-05 06:00:09 BST+0100,0.194
2026-06-05 06:05:37 BST+0100,0.22
2026-06-05 06:10:55 BST+0100,0.248
2026-06-05 06:15:08 BST+0100,0.276
2026-06-05 06:20:19 BST+0100,0.235
2026-06-05 06:25:41 BST+0100,0.341
2026-06-05 06:30:37 BST+0100,0.286
2026-06-05 06:35:40 BST+0100,0.242
2026-06-05 06:40:33 BST+0100,0.402
2026-06-05 06:45:40 BST+0100,0.314
2026-06-05 06:50:36 BST+0100,0.432
2026-06-05 06:55:04 BST+0100,0.447
2026-06-05 07:00:45 BST+0100,0.481
2026-06-05 07:05:26 BST+0100,0.826
2026-06-05 07:10:03 BST+0100,0.651
2026-06-05 07:15:24 BST+0100,0.712
2026-06-05 07:20:26 BST+0100,0.489
2026-06-05 07:25:05 BST+0100,0.669
2026-06-05 07:30:59 BST+0100,0.828
2026-06-05 07:35:13 BST+0100,0.682
2026-06-05 07:40:19 BST+0100,1.019
2026-06-05 07:45:26 BST+0100,0.717
2026-06-05 07:50:49 BST+0100,0.906
2026-06-05 07:55:44 BST+0100,0.891
2026-06-05 08:00:46 BST+0100,1.067
2026-06-05 08:05:14 BST+0100,0.953
2026-06-05 08:10:50 BST+0100,1.063
2026-06-05 08:15:49 BST+0100,1.109
2026-06-05 08:20:27 BST+0100,1.041
2026-06-05 08:25:32 BST+0100,1.349
2026-06-05 08:30:02 BST+0100,1.336
2026-06-05 08:35:45 BST+0100,1.301
2026-06-05 08:40:57 BST+0100,1.257
2026-06-05 08:45:28 BST+0100,1.605
2026-06-05 08:50:32 BST+0100,1.383
2026-06-05 08:55:29 BST+0100,1.402
2026-06-05 09:00:04 BST+0100,1.553
2026-06-05 09:05:37 BST+0100,2.042
2026-06-05 09:10:43 BST+0100,1.217
2026-06-05 09:15:55 BST+0100,1.87
2026-06-05 09:20:55 BST+0100,1.109
2026-06-05 09:25:29 BST+0100,1.787
2026-06-05 09:30:57 BST+0100,2.256
2026-06-05 09:35:31 BST+0100,1.953
2026-06-05 09:40:38 BST+0100,1.889
2026-06-05 09:45:36 BST+0100,1.681
2026-06-05 09:50:59 BST+0100,1.916
2026-06-05 09:55:44 BST+0100,1.853
2026-06-05 10:00:07 BST+0100,1.696
2026-06-05 10:05:04 BST+0100,1.905
2026-06-05 10:10:24 BST+0100,2.116
2026-06-05 10:15:30 BST+0100,1.789
2026-06-05 10:20:40 BST+0100,1.802
2026-06-05 10:25:28 BST+0100,1.616
2026-06-05 10:30:30 BST+0100,2.323
2026-06-05 10:35:55 BST+0100,2.417
2026-06-05 10:40:20 BST+0100,2.323
2026-06-05 10:45:29 BST+0100,2.651
2026-06-05 10:50:33 BST+0100,2.322
2026-06-05 10:55:28 BST+0100,2.476
2026-06-05 11:00:58 BST+0100,2.466
2026-06-05 11:05:57 BST+0100,2.324
2026-06-05 11:10:30 BST+0100,2.159
2026-06-05 11:15:27 BST+0100,3.371
2026-06-05 11:20:35 BST+0100,2.234
2026-06-05 11:25:10 BST+0100,2.159
2026-06-05 11:30:25 BST+0100,2.667
2026-06-05 11:35:13 BST+0100,2.606
2026-06-05 11:40:08 BST+0100,1.876
2026-06-05 11:45:05 BST+0100,3.039
2026-06-05 11:50:35 BST+0100,2.501
2026-06-05 11:55:00 BST+0100,2.047
2026-06-05 12:00:38 BST+0100,3.123
2026-06-05 12:05:25 BST+0100,2.877
2026-06-05 12:10:21 BST+0100,2.006
2026-06-05 12:15:46 BST+0100,3.443
2026-06-05 12:20:32 BST+0100,2.928
2026-06-05 12:25:44 BST+0100,2.621
2026-06-05 12:30:42 BST+0100,3.387
2026-06-05 12:35:01 BST+0100,2.716
2026-06-05 12:40:12 BST+0100,2.632
2026-06-05 12:45:34 BST+0100,2.334
2026-06-05 12:50:58 BST+0100,2.93
2026-06-05 12:55:09 BST+0100,2.881
2026-06-05 13:00:06 BST+0100,2.661
2026-06-05 13:05:56 BST+0100,2.276
2026-06-05 13:10:58 BST+0100,2.714
2026-06-05 13:15:10 BST+0100,2.616
2026-06-05 13:20:24 BST+0100,2.01
2026-06-05 13:25:37 BST+0100,1.94
2026-06-05 13:30:11 BST+0100,2.902
2026-06-05 13:35:19 BST+0100,1.396
2026-06-05 13:40:23 BST+0100,2.715
2026-06-05 13:45:38 BST+0100,2.384
2026-06-05 13:50:18 BST+0100,3.209
2026-06-05 13:55:24 BST+0100,2.356
2026-06-05 14:00:17 BST+0100,2.878
2026-06-05 14:05:45 BST+0100,2.376
2026-06-05 14:10:09 BST+0100,2.596
2026-06-05 14:15:13 BST+0100,2.863
2026-06-05 14:20:14 BST+0100,2.302
2026-06-05 14:25:54 BST+0100,2.94
2026-06-05 14:30:56 BST+0100,2.031
2026-06-05 14:35:30 BST+0100,2.584
2026-06-05 14:40:09 BST+0100,2.836
2026-06-05 14:45:45 BST+0100,2.697
2026-06-05 14:50:29 BST+0100,3.211
2026-06-05 14:55:50 BST+0100,2.038
2026-06-05 15:00:21 BST+0100,1.758
2026-06-05 15:05:59 BST+0100,1.899
2026-06-05 15:10:48 BST+0100,2.558
2026-06-05 15:15:13 BST+0100,2.461
2026-06-05 15:20:43 BST+0100,2.271
2026-06-05 15:25:17 BST+0100,1.756
2026-06-05 15:30:20 BST+0100,2.47
2026-06-05 15:35:15 BST+0100,1.668
2026-06-05 15:40:40 BST+0100,2.548
2026-06-05 15:45:15 BST+0100,3.144
2026-06-05 15:50:38 BST+0100,2.178
2026-06-05 15:55:34 BST+0100,2.221
2026-06-05 16:00:45 BST+0100,1.8
2026-06-05 16:05:59 BST+0100,1.308
2026-06-05 16:10:00 BST+0100,1.698
2026-06-05 16:15:59 BST+0100,1.501
2026-06-05 16:20:06 BST+0100,1.355
2026-06-05 16:25:31 BST+0100,2.352
2026-06-05 16:30:20 BST+0100,1.844
2026-06-05 16:35:38 BST+0100,1.838
2026-06-05 16:40:43 BST+0100,1.588
2026-06-05 16:45:51 BST+0100,1.592
2026-06-05 16:50:24 BST+0100,1.882
2026-06-05 16:55:55 BST+0100,1.555
2026-06-05 17:00:19 BST+0100,1.67
2026-06-05 17:05:12 BST+0100,1.432
2026-06-05 17:10:22 BST+0100,1.355
2026-06-05 17:15:31 BST+0100,1.048
2026-06-05 17:20:40 BST+0100,0.878
2026-06-05 17:25:49 BST+0100,1.26
2026-06-05 17:30:13 BST+0100,1.294
2026-06-05 17:35:18 BST+0100,0.953
2026-06-05 17:40:56 BST+0100,1.192
2026-06-05 17:45:26 BST+0100,1.17
2026-06-05 17:50:14 BST+0100,0.684
2026-06-05 17:55:59 BST+0100,0.9
2026-06-05 18:00:26 BST+0100,1.112
2026-06-05 18:05:59 BST+0100,1.065
2026-06-05 18:10:55 BST+0100,0.757
2026-06-05 18:15:54 BST+0100,0.941
2026-06-05 18:20:34 BST+0100,1.037
2026-06-05 18:25:47 BST+0100,0.953
2026-06-05 18:30:57 BST+0100,0.783
2026-06-05 18:35:16 BST+0100,0.694
2026-06-05 18:40:02 BST+0100,0.638
2026-06-05 18:45:19 BST+0100,0.739
2026-06-05 18:50:38 BST+0100,0.667
2026-06-05 18:55:32 BST+0100,0.676
2026-06-05 19:00:04 BST+0100,0.584
2026-06-05 19:05:33 BST+0100,0.614
2026-06-05 19:10:10 BST+0100,0.508
2026-06-05 19:15:30 BST+0100,0.531
2026-06-05 19:20:34 BST+0100,0.499
2026-06-05 19:25:38 BST+0100,0.341
2026-06-05 19:30:24 BST+0100,0.247
2026-06-05 19:35:24 BST+0100,0.429
2026-06-05 19:40:40 BST+0100,0.319
2026-06-05 19:45:44 BST+0100,0.276
2026-06-05 19:50:48 BST+0100,0.248
2026-06-05 19:55:20 BST+0100,0.22
2026-06-05 20:00:25 BST+0100,0.194
2026-06-05 20:05:19 BST+0100,0.169
2026-06-05 20:10:31 BST+0100,0.146
2026-06-05 20:15:07 BST+0100,0.123
2026-06-05 20:20:25 BST+0100,0.102
2026-06-05 20:25:11 BST+0100,0.083
2026-06-05 20:30:31 BST+0100,0.065
2026-06-05 20:35:51 BST+0100,0.048
2026-06-05 20:40:59 BST+0100,0.034
2026-06-05 20:45:26 BST+0100,0.021
2026-06-05 20:50:03 BST+0100,0.011
2026-06-05 20:55:13 BST+0100,0.004
2026-06-05 21:00:06 BST+0100,0.0
2026-06-05 21:05:45 BST+0100,0.0
2026-06-05 21:10:59 BST+0100,0.0
2026-06-05 21:15:33 BST+0100,0.0
2026-06-05 21:20:10 BST+0100,0.0
2026-06-05 21:25:01 BST+0100,0.0
2026-06-05 21:30:58 BST+0100,0.0
2026-06-05 21:35:18 BST+0100,0.0
2026-06-05 21:40:06 BST+0100,0.0
2026-06-05 21:45:10 BST+0100,0.0
2026-06-05 21:50:15 BST+0100,0.0
2026-06-05 21:55:39 BST+0100,0.0
2026-06-05 22:00:53 BST+0100,0.0
2026-06-05 22:05:16 BST+0100,0.0
2026-06-05 22:10:41 BST+0100,0.0
2026-06-05 22:15:03 BST+0100,0.0
2026-06-05 22:20:00 BST+0100,0.0
2026-06-05 22:25:03 BST+0100,0.0
2026-06-05 22:30:55 BST+0100,0.0
2026-06-05 22:35:34 BST+0100,0.0
2026-06-05 22:40:48 BST+0100,0.0
2026-06-05 22:45:01 BST+0100,0.0
2026-06-05 22:50:01 BST+0100,0.0
2026-06-05 22:55:50 BST+0100,0.0
2026-06-05 23:00:06 BST+0100,0.0
2026-06-05 23:05:09 BST+0100,0.0
2026-06-05 23:10:31 BST+0100,0.0
2026-06-05 23:15:36 BST+0100,0.0
2026-06-05 23:20:13 BST+0100,0.0
2026-06-05 23:25:26 BST+0100,0.0
2026-06-05 23:30:40 BST+0100,0.0
2026-06-05 23:35:26 BST+0100,0.0
2026-06-05 23:40:22 BST+0100,0.0
2026-06-05 23:45:04 BST+0100,0.0
2026-06-05 23:50:27 BST+0100,0.0
2026-06-05 23:55:48 BST+0100,0.0
2026-06-07 00:00:23 BST+0100,0.0
2026-06-07 00:05:56 BST+0100,0.0
2026-06-07 00:10:15 BST+0100,0.0
2026-06-07 00:15:53 BST+0100,0.0
2026-06-07 00:20:15 BST+0100,0.0
2026-06-07 00:25:11 BST+0100,0.0
2026-06-07 00:30:15 BST+0100,0.0
2026-06-07 00:35:19 BST+0100,0.0
2026-06-07 00:40:07 BST+0100,0.0
2026-06-07 00:45:35 BST+0100,0.0
2026-06-07 00:50:20 BST+0100,0.0
2026-06-07 00:55:43 BST+0100,0.0
2026-06-07 01:00:29 BST+0100,0.0
2026-06-07 01:05:26 BST+0100,0.0
2026-06-07 01:10:28 BST+0100,0.0
2026-06-07 01:15:09 BST+0100,0.0
2026-06-07 01:20:42 BST+0100,0.0
2026-06-07 01:25:06 BST+0100,0.0
2026-06-07 01:30:43 BST+0100,0.0
2026-06-07 01:35:59 BST+0100,0.0
2026-06-07 01:40:45 BST+0100,0.0
2026-06-07 01:45:27 BST+0100,0.0
2026-06-07 01:50:18 BST+0100,0.0
2026-06-07 01:55:52 BST+0100,0.0
2026-06-07 02:00:15 BST+0100,0.0
2026-06-07 02:05:28 BST+0100,0.0
2026-06-07 02:10:46 BST+0100,0.0
2026-06-07 02:15:55 BST+0100,0.0
2026-06-07 02:20:55 BST+0100,0.0
2026-06-07 02:25:05 BST+0100,0.0
2026-06-07 02:30:53 BST+0100,0.0
2026-06-07 02:35:06 BST+0100,0.0
2026-06-07 02:40:35 BST+0100,0.0
2026-06-07 02:45:55 BST+0100,0.0
2026-06-07 02:50:39 BST+0100,0.0
2026-06-07 02:55:56 BST+0100,0.0
2026-06-07 03:00:20 BST+0100,0.0
2026-06-07 03:05:18 BST+0100,0.0
2026-06-07 03:10:19 BST+0100,0.0
2026-06-07 03:15:21 BST+0100,0.0
2026-06-07 03:20:40 BST+0100,0.0
2026-06-07 03:25:27 BST+0100,0.0
2026-06-07 03:30:44 BST+0100,0.0
2026-06-07 03:35:24 BST+0100,0.0
2026-06-07 03:40:18 BST+0100,0.0
2026-06-07 03:45:11 BST+0100,0.0
2026-06-07 03:50:33 BST+0100,0.0
2026-06-07 03:55:53 BST+0100,0.0
2026-06-07 04:00:51 BST+0100,0.0
2026-06-07 04:05:15 BST+0100,0.0
2026-06-07 04:10:28 BST+0100,0.0
2026-06-07 04:15:42 BST+0100,0.0
2026-06-07 04:20:36 BST+0100,0.0
2026-06-07 04:25:04 BST+0100,0.0
2026-06-07 04:30:35 BST+0100,0.0
2026-06-07 04:35:02 BST+0100,0.0
2026-06-07 04:40:06 BST+0100,0.0
2026-06-07 04:45:39 BST+0100,0.0
2026-06-07 04:50:06 BST+0100,0.0
2026-06-07 04:55:20 BST+0100,0.0
2026-06-07 05:00:35 BST+0100,0.0
2026-06-07 05:05:39 BST+0100,0.004
2026-06-07 05:10:26 BST+0100,0.011
2026-06-07 05:15:05 BST+0100,0.021
2026-06-07 05:20:47 BST+0100,0.034
2026-06-07 05:25:56 BST+0100,0.048
2026-06-07 05:30:53 BST+0100,0.064
2026-06-07 05:35:44 BST+0100,0.082
2026-06-07 05:40:24 BST+0100,0.102
2026-06-07 05:45:52 BST+0100,0.123
2026-06-07 05:50:29 BST+0100,0.145
2026-06-07 05:55:08 BST+0100,0.169
2026-06-07 06:00:51 BST+0100,0.194
2026-06-07 06:05:19 BST+0100,0.22
2026-06-07 06:10:56 BST+0100,0.247
2026-06-07 06:15:22 BST+0100,0.275
2026-06-07 06:20:52 BST+0100,0.292
2026-06-07 06:25:32 BST+0100,0.328
2026-06-07 06:30:28 BST+0100,0.471
2026-06-07 06:35:17 BST+0100,0.373
2026-06-07 06:40:50 BST+0100,0.242
2026-06-07 06:45:03 BST+0100,0.507
2026-06-07 06:50:28 BST+0100,0.436
2026-06-07 06:55:22 BST+0100,0.538
2026-06-07 07:00:32 BST+0100,0.561
2026-06-07 07:05:15 BST+0100,0.576
2026-06-07 07:10:39 BST+0100,0.734
2026-06-07 07:15:23 BST+0100,0.492
2026-06-07 07:20:11 BST+0100,0.651
2026-06-07 07:25:11 BST+0100,0.849
2026-06-07 07:30:41 BST+0100,0.707
2026-06-07 07:35:15 BST+0100,0.593
2026-06-07 07:40:18 BST+0100,0.979
2026-06-07 07:45:37 BST+0100,1.098
2026-06-07 07:50:19 BST+0100,0.946
2026-06-07 07:55:23 BST+0100,0.643
2026-06-07 08:00:14 BST+0100,1.165
2026-06-07 08:05:20 BST+0100,0.754
2026-06-07 08:10:41 BST+0100,1.177
2026-06-07 08:15:32 BST+0100,0.971
2026-06-07 08:20:59 BST+0100,0.947
2026-06-07 08:25:46 BST+0100,1.139
2026-06-07 08:30:01 BST+0100,1.236
2026-06-07 08:35:22 BST+0100,1.166
2026-06-07 08:40:17 BST+0100,1.504
2026-06-07 08:45:35 BST+0100,1.288
2026-06-07 08:50:15 BST+0100,1.695
2026-06-07 08:55:57 BST+0100,1.556
2026-06-07 09:00:17 BST+0100,1.33
2026-06-07 09:05:31 BST+0100,1.317
2026-06-07 09:10:07 BST+0100,1.126
2026-06-07 09:15:54 BST+0100,1.725
2026-06-07 09:20:54 BST+0100,1.571
2026-06-07 09:25:47 BST+0100,0.983
2026-06-07 09:30:21 BST+0100,1.585
2026-06-07 09:35:03 BST+0100,1.501
2026-06-07 09:40:42 BST+0100,2.347
2026-06-07 09:45:25 BST+0100,1.293
2026-06-07 09:50:59 BST+0100,1.408
2026-06-07 09:55:41 BST+0100,2.323
2026-06-07 10:00:32 BST+0100,2.453
2026-06-07 10:05:59 BST+0100,1.736
2026-06-07 10:10:48 BST+0100,1.807
2026-06-07 10:15:27 BST+0100,2.301
2026-06-07 10:20:01 BST+0100,1.223
2026-06-07 10:25:05 BST+0100,1.42
2026-06-07 10:30:26 BST+0100,2.057
2026-06-07 10:35:33 BST+0100,2.808
2026-06-07 10:40:01 BST+0100,2.05
2026-06-07 10:45:07 BST+0100,2.294
2026-06-07 10:50:42 BST+0100,2.746
2026-06-07 10:55:45 BST+0100,3.182
2026-06-07 11:00:01 BST+0100,2.091
2026-06-07 11:05:30 BST+0100,2.351
2026-06-07 11:10:04 BST+0100,3.163
2026-06-07 11:15:43 BST+0100,1.746
2026-06-07 11:20:50 BST+0100,2.876
2026-06-07 11:25:52 BST+0100,1.999
2026-06-07 11:30:35 BST+0100,2.514
2026-06-07 11:35:37 BST+0100,2.379
2026-06-07 11:40:55 BST+0100,2.073
2026-06-07 11:45:36 BST+0100,2.076
2026-06-07 11:50:26 BST+0100,2.665
2026-06-07 11:55:45 BST+0100,3.011
2026-06-07 12:00:35 BST+0100,2.507
2026-06-07 12:05:50 BST+0100,2.613
2026-06-07 12:10:31 BST+0100,2.858
2026-06-07 12:15:52 BST+0100,2.147
2026-06-07 12:20:02 BST+0100,2.96
2026-06-07 12:25:02 BST+0100,3.007
2026-06-07 12:30:05 BST+0100,3.859
2026-06-07 12:35:33 BST+0100,2.456
2026-06-07 12:40:42 BST+0100,2.422
2026-06-07 12:45:12 BST+0100,3.009
2026-06-07 12:50:09 BST+0100,3.036
2026-06-07 12:55:51 BST+0100,2.393
2026-06-07 13:00:45 BST+0100,2.456
2026-06-07 13:05:38 BST+0100,2.906
2026-06-07 13:10:29 BST+0100,2.252
2026-06-07 13:15:25 BST+0100,2.448
2026-06-07 13:20:01 BST+0100,2.682
2026-06-07 13:25:11 BST+0100,3.106
2026-06-07 13:30:53 BST+0100,2.342
2026-06-07 13:35:20 BST+0100,1.752
2026-06-07 13:40:42 BST+0100,1.711
2026-06-07 13:45:42 BST+0100,2.013
2026-06-07 13:50:18 BST+0100,1.979
2026-06-07 13:55:12 BST+0100,2.508
2026-06-07 14:00:41 BST+0100,2.018
2026-06-07 14:05:05 BST+0100,2.23
2026-06-07 14:10:29 BST+0100,2.185
2026-06-07 14:15:53 BST+0100,2.322
2026-06-07 14:20:42 BST+0100,3.102
2026-06-07 14:25:45 BST+0100,2.784
2026-06-07 14:30:04 BST+0100,2.475
2026-06-07 14:35:11 BST+0100,2.245
2026-06-07 14:40:16 BST+0100,2.238
2026-06-07 14:45:17 BST+0100,2.547
2026-06-07 14:50:11 BST+0100,2.632
2026-06-07 14:55:58 BST+0100,1.973
2026-06-07 15:00:09 BST+0100,2.348
2026-06-07 15:05:42 BST+0100,1.464
2026-06-07 15:10:35 BST+0100,2.368
2026-06-07 15:15:36 BST+0100,2.562
2026-06-07 15:20:12 BST+0100,2.113
2026-06-07 15:25:18 BST+0100,2.914
2026-06-07 15:30:36 BST+0100,1.822
2026-06-07 15:35:17 BST+0100,2.219
2026-06-07 15:40:41 BST+0100,2.09
2026-06-07 15:45:02 BST+0100,2.034
2026-06-07 15:50:04 BST+0100,1.997
2026-06-07 15:55:43 BST+0100,2.044
2026-06-07 16:00:37 BST+0100,2.272
2026-06-07 16:05:02 BST+0100,2.417
2026-06-07 16:10:53 BST+0100,1.9
2026-06-07 16:15:00 BST+0100,2.139
2026-06-07 16:20:57 BST+0100,1.598
2026-06-07 16:25:43 BST+0100,2.039
2026-06-07 16:30:59 BST+0100,1.514
2026-06-07 16:35:56 BST+0100,2.053
2026-06-07 16:40:18 BST+0100,2.346
2026-06-07 16:45:45 BST+0100,1.603
2026-06-07 16:50:12 BST+0100,0.969
2026-06-07 16:55:28 BST+0100,1.407
2026-06-07 17:00:14 BST+0100,1.858
2026-06-07 17:05:29 BST+0100,1.629
2026-06-07 17:10:52 BST+0100,1.505
2026-06-07 17:15:26 BST+0100,1.655
2026-06-07 17:20:05 BST+0100,1.479
2026-06-07 17:25:19 BST+0100,1.609
2026-06-07 17:30:47 BST+0100,1.49
2026-06-07 17:35:31 BST+0100,1.577
2026-06-07 17:40:33 BST+0100,1.274
2026-06-07 17:45:25 BST+0100,1.345
2026-06-07 17:50:17 BST+0100,1.054
2026-06-07 17:55:35 BST+0100,0.958
2026-06-07 18:00:37 BST+0100,1.352
2026-06-07 18:05:53 BST+0100,1.032
2026-06-07 18:10:37 BST+0100,1.092
2026-06-07 18:15:59 BST+0100,0.934
2026-06-07 18:20:49 BST+0100,0.781
2026-06-07 18:25:04 BST+0100,0.836
2026-06-07 18:30:23 BST+0100,1.001
2026-06-07 18:35:23 BST+0100,0.832
2026-06-07 18:40:00 BST+0100,0.497
2026-06-07 18:45:10 BST+0100,0.654
2026-06-07 18:50:45 BST+0100,0.849
2026-06-07 18:55:21 BST+0100,0.582
2026-06-07 19:00:08 BST+0100,0.385
2026-06-07 19:05:17 BST+0100,0.716
2026-06-07 19:10:16 BST+0100,0.56
2026-06-07 19:15:10 BST+0100,0.459
2026-06-07 19:20:06 BST+0100,0.402
2026-06-07 19:25:45 BST+0100,0.476
2026-06-07 19:30:49 BST+0100,0.33
2026-06-07 19:35:29 BST+0100,0.404
2026-06-07 19:40:36 BST+0100,0.334
2026-06-07 19:45:55 BST+0100,0.275
2026-06-07 19:50:50 BST+0100,0.247
2026-06-07 19:55:01 BST+0100,0.22
2026-06-07 20:00:57 BST+0100,0.194
2026-06-07 20:05:04 BST+0100,0.169
2026-06-07 20:10:01 BST+0100,0.145
2026-06-07 20:15:24 BST+0100,0.123
2026-06-07 20:20:44 BST+0100,0.102
2026-06-07 20:25:04 BST+0100,0.082
2026-06-07 20:30:17 BST+0100,0.064
2026-06-07 20:35:15 BST+0100,0.048
2026-06-07 20:40:23 BST+0100,0.034
2026-06-07 20:45:59 BST+0100,0.021
2026-06-07 20:50:19 BST+0100,0.011
2026-06-07 20:55:12 BST+0100,0.004
2026-06-07 21:00:07 BST+0100,0.0
2026-06-07 21:05:11 BST+0100,0.0
2026-06-07 21:10:07 BST+0100,0.0
2026-06-07 21:15:34 BST+0100,0.0
2026-06-07 21:20:25 BST+0100,0.0
2026-06-07 21:25:29 BST+0100,0.0
2026-06-07 21:30:49 BST+0100,0.0
2026-06-07 21:35:34 BST+0100,0.0
2026-06-07 21:40:09 BST+0100,0.0
2026-06-07 21:45:22 BST+0100,0.0
2026-06-07 21:50:18 BST+0100,0.0
2026-06-07 21:55:49 BST+0100,0.0
2026-06-07 22:00:18 BST+0100,0.0
2026-06-07 22:05:08 BST+0100,0.0
2026-06-07 22:10:44 BST+0100,0.0
2026-06-07 22:15:25 BST+0100,0.0
2026-06-07 22:20:05 BST+0100,0.0
2026-06-07 22:25:41 BST+0100,0.0
2026-06-07 22:30:12 BST+0100,0.0
2026-06-07 22:35:52 BST+0100,0.0
2026-06-07 22:40:49 BST+0100,0.0
2026-06-07 22:45:22 BST+0100,0.0
2026-06-07 22:50:33 BST+0100,0.0
2026-06-07 22:55:34 BST+0100,0.0
2026-06-07 23:00:39 BST+0100,0.0
2026-06-07 23:05:04 BST+0100,0.0
2026-06-07 23:10:19 BST+0100,0.0
2026-06-07 23:15:10 BST+0100,0.0
2026-06-07 23:20:41 BST+0100,0.0
2026-06-07 23:25:04 BST+0100,0.0
2026-06-07 23:30:31 BST+0100,0.0
2026-06-07 23:35:43 BST+0100,0.0
2026-06-07 23:40:56 BST+0100,0.0
2026-06-07 23:45:17 BST+0100,0.0
2026-06-07 23:50:00 BST+0100,0.0
2026-06-07 23:55:43 BST+0100,0.0
2026-06-08 00:00:17 BST+0100,0.0
2026-06-08 00:05:51 BST+0100,0.0
2026-06-08 00:10:15 BST+0100,0.0
2026-06-08 00:15:17 BST+0100,0.0
2026-06-08 00:20:49 BST+0100,0.0
2026-06-08 00:25:52 BST+0100,0.0
2026-06-08 00:30:20 BST+0100,0.0
2026-06-08 00:35:43 BST+0100,0.0
2026-06-08 00:40:55 BST+0100,0.0
2026-06-08 00:45:47 BST+0100,0.0
2026-06-08 00:50:00 BST+0100,0.0
2026-06-08 00:55:39 BST+0100,0.0
2026-06-08 01:00:10 BST+0100,0.0
2026-06-08 01:05:50 BST+0100,0.0
2026-06-08 01:10:04 BST+0100,0.0
2026-06-08 01:15:59 BST+0100,0.0
2026-06-08 01:20:10 BST+0100,0.0
2026-06-08 01:25:25 BST+0100,0.0
2026-06-08 01:30:14 BST+0100,0.0
2026-06-08 01:35:48 BST+0100,0.0
2026-06-08 01:40:23 BST+0100,0.0
2026-06-08 01:45:44 BST+0100,0.0
2026-06-08 01:50:04 BST+0100,0.0
2026-06-08 01:55:27 BST+0100,0.0
2026-06-08 02:00:54 BST+0100,0.0
2026-06-08 02:05:55 BST+0100,0.0
2026-06-08 02:10:12 BST+0100,0.0
2026-06-08 02:15:23 BST+0100,0.0
2026-06-08 02:20:24 BST+0100,0.0
2026-06-08 02:25:33 BST+0100,0.0
2026-06-08 02:30:32 BST+0100,0.0
2026-06-08 02:35:06 BST+0100,0.0
2026-06-08 02:40:45 BST+0100,0.0
2026-06-08 02:45:13 BST+0100,0.0
2026-06-08 02:50:18 BST+0100,0.0
2026-06-08 02:55:50 BST+0100,0.0
2026-06-08 03:00:41 BST+0100,0.0
2026-06-08 03:05:23 BST+0100,0.0
2026-06-08 03:10:54 BST+0100,0.0
2026-06-08 03:15:23 BST+0100,0.0
2026-06-08 03:20:33 BST+0100,0.0
2026-06-08 03:25:14 BST+0100,0.0
2026-06-08 03:30:10 BST+0100,0.0
2026-06-08 03:35:29 BST+0100,0.0
2026-06-08 03:40:33 BST+0100,0.0
2026-06-08 03:45:48 BST+0100,0.0
2026-06-08 03:50:23 BST+0100,0.0
2026-06-08 03:55:53 BST+0100,0.0
2026-06-08 04:00:36 BST+0100,0.0
2026-06-08 04:05:04 BST+0100,0.0
2026-06-08 04:10:44 BST+0100,0.0
2026-06-08 04:15:34 BST+0100,0.0
2026-06-08 04:20:23 BST+0100,0.0
2026-06-08 04:25:28 BST+0100,0.0
2026-06-08 04:30:18 BST+0100,0.0
2026-06-08 04:35:36 BST+0100,0.0
2026-06-08 04:40:34 BST+0100,0.0
2026-06-08 04:45:26 BST+0100,0.0
2026-06-08 04:50:17 BST+0100,0.0
2026-06-08 04:55:23 BST+0100,0.0
2026-06-08 05:00:29 BST+0100,0.0
2026-06-08 05:05:28 BST+0100,0.006
2026-06-08 05:10:18 BST+0100,0.019
2026-06-08 05:15:34 BST+0100,0.036
2026-06-08 05:20:13 BST+0100,0.057
2026-06-08 05:25:30 BST+0100,0.082
2026-06-08 05:30:07 BST+0100,0.109
2026-06-08 05:35:28 BST+0100,0.14
2026-06-08 05:40:47 BST+0100,0.173
2026-06-08 05:45:49 BST+0100,0.208
2026-06-08 05:50:41 BST+0100,0.246
2026-06-08 05:55:44 BST+0100,0.286
2026-06-08 06:00:03 BST+0100,0.313
2026-06-08 06:05:20 BST+0100,0.411
2026-06-08 06:10:39 BST+0100,0.37
2026-06-08 06:15:48 BST+0100,0.445
2026-06-08 06:20:34 BST+0100,0.606
2026-06-08 06:25:51 BST+0100,0.657
2026-06-08 06:30:16 BST+0100,0.51
2026-06-08 06:35:09 BST+0100,0.57
2026-06-08 06:40:05 BST+0100,0.744
2026-06-08 06:45:34 BST+0100,1.031
2026-06-08 06:50:39 BST+0100,0.554
2026-06-08 06:55:17 BST+0100,0.95
2026-06-08 07:00:47 BST+0100,0.726
2026-06-08 07:05:44 BST+0100,0.909
2026-06-08 07:10:21 BST+0100,1.017
2026-06-08 07:15:14 BST+0100,1.065
2026-06-08 07:20:44 BST+0100,1.099
2026-06-08 07:25:40 BST+0100,1.283
2026-06-08 07:30:10 BST+0100,1.217
2026-06-08 07:35:15 BST+0100,1.041
2026-06-08 07:40:29 BST+0100,1.688
2026-06-08 07:45:30 BST+0100,1.757
2026-06-08 07:50:09 BST+0100,1.86
2026-06-08 07:55:56 BST+0100,1.217
2026-06-08 08:00:23 BST+0100,1.846
2026-06-08 08:05:22 BST+0100,2.042
2026-06-08 08:10:03 BST+0100,1.539
2026-06-08 08:15:52 BST+0100,1.962
2026-06-08 08:20:14 BST+0100,1.985
2026-06-08 08:25:59 BST+0100,2.792
2026-06-08 08:30:29 BST+0100,2.917
2026-06-08 08:35:52 BST+0100,1.566
2026-06-08 08:40:10 BST+0100,3.338
2026-06-08 08:45:09 BST+0100,1.982
2026-06-08 08:50:48 BST+0100,2.872
2026-06-08 08:55:49 BST+0100,2.948
2026-06-08 09:00:32 BST+0100,2.115
2026-06-08 09:05:01 BST+0100,2.879
2026-06-08 09:10:56 BST+0100,2.658
2026-06-08 09:15:23 BST+0100,3.054
2026-06-08 09:20:56 BST+0100,2.961
2026-06-08 09:25:52 BST+0100,3.534
2026-06-08 09:30:51 BST+0100,3.012
2026-06-08 09:35:41 BST+0100,2.944
2026-06-08 09:40:40 BST+0100,3.709
2026-06-08 09:45:31 BST+0100,3.49
2026-06-08 09:50:01 BST+0100,3.645
2026-06-08 09:55:23 BST+0100,2.888
2026-06-08 10:00:43 BST+0100,2.711
2026-06-08 10:05:48 BST+0100,3.05
2026-06-08 10:10:33 BST+0100,3.068
2026-06-08 10:15:42 BST+0100,4.007
2026-06-08 10:20:01 BST+0100,4.191
2026-06-08 10:25:28 BST+0100,3.517
2026-06-08 10:30:30 BST+0100,4.615
2026-06-08 10:35:53 BST+0100,4.637
2026-06-08 10:40:18 BST+0100,3.935
2026-06-08 10:45:13 BST+0100,3.253
2026-06-08 10:50:21 BST+0100,4.96
2026-06-08 10:55:10 BST+0100,3.866
2026-06-08 11:00:33 BST+0100,4.043
2026-06-08 11:05:38 BST+0100,3.751
2026-06-08 11:10:48 BST+0100,3.389
2026-06-08 11:15:58 BST+0100,2.997
2026-06-08 11:20:04 BST+0100,4.58
2026-06-08 11:25:14 BST+0100,3.563
2026-06-08 11:30:18 BST+0100,6.485
2026-06-08 11:35:14 BST+0100,3.39
2026-06-08 11:40:49 BST+0100,3.284
2026-06-08 11:45:08 BST+0100,4.666
2026-06-08 11:50:01 BST+0100,5.485
2026-06-08 11:55:51 BST+0100,4.376
2026-06-08 12:00:57 BST+0100,4.798
2026-06-08 12:05:13 BST+0100,2.921
2026-06-08 12:10:19 BST+0100,3.856
2026-06-08 12:15:30 BST+0100,3.557
2026-06-08 12:20:31 BST+0100,2.916
2026-06-08 12:25:59 BST+0100,4.533
2026-06-08 12:30:24 BST+0100,2.655
2026-06-08 12:35:00 BST+0100,3.401
2026-06-08 12:40:25 BST+0100,4.039
2026-06-08 12:45:33 BST+0100,3.808
2026-06-08 12:50:31 BST+0100,4.803
2026-06-08 12:55:30 BST+0100,4.732
2026-06-08 13:00:55 BST+0100,5.209
2026-06-08 13:05:48 BST+0100,5.093
2026-06-08 13:10:15 BST+0100,5.403
2026-06-08 13:15:21 BST+0100,4.477
2026-06-08 13:20:40 BST+0100,4.716
2026-06-08 13:25:24 BST+0100,4.874
2026-06-08 13:30:25 BST+0100,4.566
2026-06-08 13:35:10 BST+0100,4.122
2026-06-08 13:40:15 BST+0100,4.161
2026-06-08 13:45:44 BST+0100,3.76
2026-06-08 13:50:50 BST+0100,4.724
2026-06-08 13:55:47 BST+0100,4.297
2026-06-08 14:00:18 BST+0100,3.83
2026-06-08 14:05:08 BST+0100,3.81
2026-06-08 14:10:09 BST+0100,3.364
2026-06-08 14:15:23 BST+0100,5.026
2026-06-08 14:20:31 BST+0100,4.305
2026-06-08 14:25:53 BST+0100,3.56
2026-06-08 14:30:53 BST+0100,4.79
2026-06-08 14:35:00 BST+0100,3.729
2026-06-08 14:40:42 BST+0100,3.071
2026-06-08 14:45:17 BST+0100,4.823
2026-06-08 14:50:11 BST+0100,3.645
2026-06-08 14:55:33 BST+0100,3.701
2026-06-08 15:00:02 BST+0100,3.982
2026-06-08 15:05:20 BST+0100,4.713
2026-06-08 15:10:33 BST+0100,3.878
2026-06-08 15:15:16 BST+0100,2.994
2026-06-08 15:20:35 BST+0100,4.139
2026-06-08 15:25:27 BST+0100,3.396
2026-06-08 15:30:47 BST+0100,4.917
2026-06-08 15:35:10 BST+0100,3.617
2026-06-08 15:40:03 BST+0100,2.13
2026-06-08 15:45:31 BST+0100,3.736
2026-06-08 15:50:15 BST+0100,4.663
2026-06-08 15:55:42 BST+0100,4.361
2026-06-08 16:00:05 BST+0100,4.44
2026-06-08 16:05:34 BST+0100,2.678
2026-06-08 16:10:59 BST+0100,3.749
2026-06-08 16:15:05 BST+0100,2.749
2026-06-08 16:20:18 BST+0100,3.223
2026-06-08 16:25:50 BST+0100,2.34
2026-06-08 16:30:32 BST+0100,2.627
2026-06-08 16:35:10 BST+0100,2.554
2026-06-08 16:40:12 BST+0100,3.302
2026-06-08 16:45:45 BST+0100,3.177
2026-06-08 16:50:51 BST+0100,2.846
2026-06-08 16:55:21 BST+0100,2.001
2026-06-08 17:00:28 BST+0100,2.432
2026-06-08 17:05:46 BST+0100,2.172
2026-06-08 17:10:10 BST+0100,2.823
2026-06-08 17:15:12 BST+0100,2.876
2026-06-08 17:20:46 BST+0100,2.742
2026-06-08 17:25:11 BST+0100,1.931
2026-06-08 17:30:46 BST+0100,1.098
2026-06-08 17:35:29 BST+0100,1.43
2026-06-08 17:40:59 BST+0100,2.547
2026-06-08 17:45:01 BST+0100,1.817
2026-06-08 17:50:56 BST+0100,1.634
2026-06-08 17:55:13 BST+0100,2.359
2026-06-08 18:00:02 BST+0100,2.151
2026-06-08 18:05:43 BST+0100,1.691
2026-06-08 18:10:31 BST+0100,1.53
2026-06-08 18:15:50 BST+0100,1.511
2026-06-08 18:20:06 BST+0100,1.541
2026-06-08 18:25:04 BST+0100,1.82
2026-06-08 18:30:34 BST+0100,1.449
2026-06-08 18:35:52 BST+0100,1.449
2026-06-08 18:40:24 BST+0100,1.472
2026-06-08 18:45:47 BST+0100,0.91
2026-06-08 18:50:54 BST+0100,1.237
2026-06-08 18:55:52 BST+0100,0.972
2026-06-08 19:00:30 BST+0100,0.528
2026-06-08 19:05:41 BST+0100,0.558
2026-06-08 19:10:31 BST+0100,0.69
2026-06-08 19:15:40 BST+0100,0.862
2026-06-08 19:20:34 BST+0100,0.745
2026-06-08 19:25:31 BST+0100,0.697
2026-06-08 19:30:26 BST+0100,0.838
2026-06-08 19:35:39 BST+0100,0.438
2026-06-08 19:40:45 BST+0100,0.514
2026-06-08 19:45:55 BST+0100,0.492
2026-06-08 19:50:36 BST+0100,0.363
2026-06-08 19:55:06 BST+0100,0.374
2026-06-08 20:00:35 BST+0100,0.234
2026-06-08 20:05:18 BST+0100,0.286
2026-06-08 20:10:01 BST+0100,0.246
2026-06-08 20:15:04 BST+0100,0.208
2026-06-08 20:20:35 BST+0100,0.173
2026-06-08 20:25:56 BST+0100,0.14
2026-06-08 20:30:30 BST+0100,0.109
2026-06-08 20:35:26 BST+0100,0.082
2026-06-08 20:40:05 BST+0100,0.057
2026-06-08 20:45:40 BST+0100,0.036
2026-06-08 20:50:03 BST+0100,0.019
2026-06-08 20:55:50 BST+0100,0.006
2026-06-08 21:00:48 BST+0100,0.0
2026-06-08 21:05:59 BST+0100,0.0
2026-06-08 21:10:17 BST+0100,0.0
2026-06-08 21:15:09 BST+0100,0.0
2026-06-08 21:20:17 BST+0100,0.0
2026-06-08 21:25:47 BST+0100,0.0
2026-06-08 21:30:13 BST+0100,0.0
2026-06-08 21:35:53 BST+0100,0.0
2026-06-08 21:40:09 BST+0100,0.0
2026-06-08 21:45:02 BST+0100,0.0
2026-06-08 21:50:13 BST+0100,0.0
2026-06-08 21:55:45 BST+0100,0.0
2026-06-08 22:00:36 BST+0100,0.0
2026-06-08 22:05:21 BST+0100,0.0
2026-06-08 22:10:39 BST+0100,0.0
2026-06-08 22:15:38 BST+0100,0.0
2026-06-08 22:20:33 BST+0100,0.0
2026-06-08 22:25:30 BST+0100,0.0
2026-06-08 22:30:06 BST+0100,0.0
2026-06-08 22:35:15 BST+0100,0.0
2026-06-08 22:40:31 BST+0100,0.0
2026-06-08 22:45:08 BST+0100,0.0
2026-06-08 22:50:28 BST+0100,0.0
2026-06-08 22:55:07 BST+0100,0.0
2026-06-08 23:00:47 BST+0100,0.0
2026-06-08 23:05:06 BST+0100,0.0
2026-06-08 23:10:05 BST+0100,0.0
2026-06-08 23:15:38 BST+0100,0.0
2026-06-08 23:20:13 BST+0100,0.0
2026-06-08 23:25:21 BST+0100,0.0
2026-06-08 23:30:18 BST+0100,0.0
2026-06-08 23:35:12 BST+0100,0.0
2026-06-08 23:40:45 BST+0100,0.0
2026-06-08 23:45:41 BST+0100,0.0
2026-06-08 23:50:14 BST+0100,0.0
2026-06-08 23:55:41 BST+0100,0.0
2026-06-09 00:00:32 BST+0100,0.0
2026-06-09 00:05:18 BST+0100,0.0
2026-06-09 00:10:55 BST+0100,0.0
2026-06-09 00:15:12 BST+0100,0.0
2026-06-09 00:20:27 BST+0100,0.0
2026-06-09 00:25:27 BST+0100,0.0
2026-06-09 00:30:44 BST+0100,0.0
2026-06-09 00:35:32 BST+0100,0.0
2026-06-09 00:40:47 BST+0100,0.0
2026-06-09 00:45:55 BST+0100,0.0
2026-06-09 00:50:23 BST+0100,0.0
2026-06-09 00:55:52 BST+0100,0.0
2026-06-09 01:00:10 BST+0100,0.0
2026-06-09 01:05:54 BST+0100,0.0
2026-06-09 01:10:10 BST+0100,0.0
2026-06-09 01:15:51 BST+0100,0.0
2026-06-09 01:20:23 BST+0100,0.0
2026-06-09 01:25:57 BST+0100,0.0
2026-06-09 01:30:07 BST+0100,0.0
2026-06-09 01:35:27 BST+0100,0.0
2026-06-09 01:40:54 BST+0100,0.0
2026-06-09 01:45:02 BST+0100,0.0
2026-06-09 01:50:15 BST+0100,0.0
2026-06-09 01:55:05 BST+0100,0.0
2026-06-09 02:00:19 BST+0100,0.0
2026-06-09 02:05:23 BST+0100,0.0
2026-06-09 02:10:37 BST+0100,0.0
2026-06-09 02:15:15 BST+0100,0.0
2026-06-09 02:20:09 BST+0100,0.0
2026-06-09 02:25:10 BST+0100,0.0
2026-06-09 02:30:56 BST+0100,0.0
2026-06-09 02:35:57 BST+0100,0.0
2026-06-09 02:40:13 BST+0100,0.0
2026-06-09 02:45:11 BST+0100,0.0
2026-06-09 02:50:03 BST+0100,0.0
2026-06-09 02:55:57 BST+0100,0.0
2026-06-09 03:00:42 BST+0100,0.0
2026-06-09 03:05:45 BST+0100,0.0
2026-06-09 03:10:17 BST+0100,0.0
2026-06-09 03:15:38 BST+0100,0.0
2026-06-09 03:20:03 BST+0100,0.0
2026-06-09 03:25:40 BST+0100,0.0
2026-06-09 03:30:34 BST+0100,0.0
2026-06-09 03:35:19 BST+0100,0.0
2026-06-09 03:40:42 BST+0100,0.0
2026-06-09 03:45:38 BST+0100,0.0
2026-06-09 03:50:26 BST+0100,0.0
2026-06-09 03:55:11 BST+0100,0.0
2026-06-09 04:00:01 BST+0100,0.0
2026-06-09 04:05:56 BST+0100,0.0
2026-06-09 04:10:16 BST+0100,0.0
2026-06-09 04:15:18 BST+0100,0.0
2026-06-09 04:20:40 BST+0100,0.0
2026-06-09 04:25:15 BST+0100,0.0
2026-06-09 04:30:22 BST+0100,0.0
2026-06-09 04:35:42 BST+0100,0.0
2026-06-09 04:40:35 BST+0100,0.0
2026-06-09 04:45:39 BST+0100,0.0
2026-06-09 04:50:00 BST+0100,0.0
2026-06-09 04:55:27 BST+0100,0.0
2026-06-09 05:00:28 BST+0100,0.0
2026-06-09 05:05:37 BST+0100,0.007
2026-06-09 05:10:09 BST+0100,0.022
2026-06-09 05:15:09 BST+0100,0.042
2026-06-09 05:20:45 BST+0100,0.067
2026-06-09 05:25:40 BST+0100,0.095
2026-06-09 05:30:48 BST+0100,0.127
2026-06-09 05:35:16 BST+0100,0.163
2026-06-09 05:40:59 BST+0100,0.201
2026-06-09 05:45:16 BST+0100,0.243
2026-06-09 05:50:39 BST+0100,0.287
2026-06-09 05:55:09 BST+0100,0.298
2026-06-09 06:00:55 BST+0100,0.32
2026-06-09 06:05:19 BST+0100,0.43
2026-06-09 06:10:48 BST+0100,0.543
2026-06-09 06:15:19 BST+0100,0.402
2026-06-09 06:20:47 BST+0100,0.554
2026-06-09 06:25:27 BST+0100,0.842
2026-06-09 06:30:03 BST+0100,0.584
2026-06-09 06:35:11 BST+0100,0.91
2026-06-09 06:40:41 BST+0100,0.778
2026-06-09 06:45:11 BST+0100,1.009
2026-06-09 06:50:16 BST+0100,1.181
2026-06-09 06:55:32 BST+0100,1.196
2026-06-09 07:00:15 BST+0100,1.31
2026-06-09 07:05:07 BST+0100,0.95
2026-06-09 07:10:37 BST+0100,1.526
2026-06-09 07:15:41 BST+0100,1.138
2026-06-09 07:20:43 BST+0100,1.486
2026-06-09 07:25:56 BST+0100,1.565
2026-06-09 07:30:07 BST+0100,1.709
2026-06-09 07:35:25 BST+0100,1.749
2026-06-09 07:40:14 BST+0100,1.465
2026-06-09 07:45:54 BST+0100,1.367
2026-06-09 07:50:32 BST+0100,2.181
2026-06-09 07:55:05 BST+0100,2.03
2026-06-09 08:00:41 BST+0100,2.468
2026-06-09 08:05:02 BST+0100,2.108
2026-06-09 08:10:16 BST+0100,1.648
2026-06-09 08:15:43 BST+0100,2.684
2026-06-09 08:20:30 BST+0100,2.209
2026-06-09 08:25:45 BST+0100,2.598
2026-06-09 08:30:34 BST+0100,2.234
2026-06-09 08:35:50 BST+0100,3.381
2026-06-09 08:40:33 BST+0100,2.265
2026-06-09 08:45:03 BST+0100,2.601
2026-06-09 08:50:04 BST+0100,2.904
2026-06-09 08:55:46 BST+0100,2.353
2026-06-09 09:00:02 BST+0100,3.187
2026-06-09 09:05:22 BST+0100,3.982
2026-06-09 09:10:00 BST+0100,2.885
2026-06-09 09:15:18 BST+0100,3.472
2026-06-09 09:20:35 BST+0100,1.676
2026-06-09 09:25:10 BST+0100,3.37
2026-06-09 09:30:27 BST+0100,3.273
2026-06-09 09:35:59 BST+0100,3.021
2026-06-09 09:40:04 BST+0100,4.32
2026-06-09 09:45:03 BST+0100,3.471
2026-06-09 09:50:16 BST+0100,3.639
2026-06-09 09:55:49 BST+0100,3.569
2026-06-09 10:00:24 BST+0100,2.553
2026-06-09 10:05:38 BST+0100,3.157
2026-06-09 10:10:02 BST+0100,4.729
2026-06-09 10:15:44 BST+0100,2.541
2026-06-09 10:20:04 BST+0100,3.586
2026-06-09 10:25:42 BST+0100,3.918
2026-06-09 10:30:08 BST+0100,5.627
2026-06-09 10:35:51 BST+0100,4.943
2026-06-09 10:40:17 BST+0100,3.958
2026-06-09 10:45:11 BST+0100,5.502
2026-06-09 10:50:20 BST+0100,3.909
2026-06-09 10:55:00 BST+0100,5.391
2026-06-09 11:00:09 BST+0100,3.485
2026-06-09 11:05:35 BST+0100,5.563
2026-06-09 11:10:18 BST+0100,4.366
2026-06-09 11:15:21 BST+0100,3.875
2026-06-09 11:20:48 BST+0100,4.612
2026-06-09 11:25:07 BST+0100,5.082
2026-06-09 11:30:23 BST+0100,4.446
2026-06-09 11:35:11 BST+0100,5.409
2026-06-09 11:40:28 BST+0100,4.434
2026-06-09 11:45:19 BST+0100,5.545
2026-06-09 11:50:02 BST+0100,5.419
2026-06-09 11:55:04 BST+0100,4.994
2026-06-09 12:00:51 BST+0100,4.673
2026-06-09 12:05:03 BST+0100,5.241
2026-06-09 12:10:46 BST+0100,5.633
2026-06-09 12:15:54 BST+0100,7.056
2026-06-09 12:20:27 BST+0100,6.039
2026-06-09 12:25:18 BST+0100,6.092
2026-06-09 12:30:46 BST+0100,8.085
2026-06-09 12:35:58 BST+0100,5.692
2026-06-09 12:40:07 BST+0100,5.674
2026-06-09 12:45:57 BST+0100,5.889
2026-06-09 12:50:56 BST+0100,4.282
2026-06-09 12:55:08 BST+0100,4.817
2026-06-09 13:00:03 BST+0100,4.76
2026-06-09 13:05:42 BST+0100,5.846
2026-06-09 13:10:04 BST+0100,5.068
2026-06-09 13:15:36 BST+0100,5.357
2026-06-09 13:20:03 BST+0100,6.24
2026-06-09 13:25:41 BST+0100,6.018
2026-06-09 13:30:13 BST+0100,5.045
2026-06-09 13:35:05 BST+0100,4.557
2026-06-09 13:40:03 BST+0100,6.221
2026-06-09 13:45:11 BST+0100,5.863
2026-06-09 13:50:32 BST+0100,3.643
2026-06-09 13:55:04 BST+0100,4.814
2026-06-09 14:00:48 BST+0100,5.228
2026-06-09 14:05:36 BST+0100,5.757
2026-06-09 14:10:17 BST+0100,5.842
2026-06-09 14:15:59 BST+0100,5.243
2026-06-09 14:20:39 BST+0100,5.476
2026-06-09 14:25:40 BST+0100,4.975
2026-06-09 14:30:10 BST+0100,4.289
2026-06-09 14:35:42 BST+0100,4.613
2026-06-09 14:40:33 BST+0100,4.816
2026-06-09 14:45:59 BST+0100,4.726
2026-06-09 14:50:28 BST+0100,3.111
2026-06-09 14:55:40 BST+0100,4.329
2026-06-09 15:00:20 BST+0100,4.66
2026-06-09 15:05:02 BST+0100,4.332
2026-06-09 15:10:07 BST+0100,4.31
2026-06-09 15:15:52 BST+0100,4.847
2026-06-09 15:20:44 BST+0100,3.545
2026-06-09 15:25:21 BST+0100,3.07
2026-06-09 15:30:41 BST+0100,4.015
2026-06-09 15:35:00 BST+0100,4.803
2026-06-09 15:40:02 BST+0100,5.424
2026-06-09 15:45:30 BST+0100,4.673
2026-06-09 15:50:37 BST+0100,2.966
2026-06-09 15:55:56 BST+0100,3.799
2026-06-09 16:00:45 BST+0100,4.078
2026-06-09 16:05:15 BST+0100,3.951
2026-06-09 16:10:48 BST+0100,4.124
2026-06-09 16:15:29 BST+0100,3.079
2026-06-09 16:20:49 BST+0100,3.658
2026-06-09 16:25:10 BST+0100,3.811
2026-06-09 16:30:01 BST+0100,3.984
2026-06-09 16:35:03 BST+0100,2.901
2026-06-09 16:40:59 BST+0100,3.112
2026-06-09 16:45:04 BST+0100,1.664
2026-06-09 16:50:56 BST+0100,2.81
2026-06-09 16:55:43 BST+0100,2.795
2026-06-09 17:00:08 BST+0100,2.456
2026-06-09 17:05:51 BST+0100,3.016
2026-06-09 17:10:08 BST+0100,2.821
2026-06-09 17:15:08 BST+0100,1.643
2026-06-09 17:20:34 BST+0100,2.794
2026-06-09 17:25:17 BST+0100,2.173
2026-06-09 17:30:17 BST+0100,2.749
2026-06-09 17:35:11 BST+0100,1.883
2026-06-09 17:40:36 BST+0100,2.38
2026-06-09 17:45:01 BST+0100,2.17
2026-06-09 17:50:14 BST+0100,2.326
2026-06-09 17:55:33 BST+0100,2.173
2026-06-09 18:00:29 BST+0100,1.951
2026-06-09 18:05:41 BST+0100,1.421
2026-06-09 18:10:12 BST+0100,1.384
2026-06-09 18:15:38 BST+0100,1.616
2026-06-09 18:20:45 BST+0100,1.725
2026-06-09 18:25:23 BST+0100,1.469
2026-06-09 18:30:15 BST+0100,1.749
2026-06-09 18:35:33 BST+0100,1.42
2026-06-09 18:40:34 BST+0100,1.173
2026-06-09 18:45:05 BST+0100,1.277
2026-06-09 18:50:33 BST+0100,1.322
2026-06-09 18:55:09 BST+0100,1.268
2026-06-09 19:00:34 BST+0100,1.507
2026-06-09 19:05:55 BST+0100,0.928
2026-06-09 19:10:32 BST+0100,0.973
2026-06-09 19:15:45 BST+0100,0.989
2026-06-09 19:20:18 BST+0100,0.848
2026-06-09 19:25:55 BST+0100,0.716
2026-06-09 19:30:48 BST+0100,0.522
2026-06-09 19:35:55 BST+0100,0.601
2026-06-09 19:40:44 BST+0100,0.486
2026-06-09 19:45:38 BST+0100,0.375
2026-06-09 19:50:31 BST+0100,0.419
2026-06-09 19:55:55 BST+0100,0.353
2026-06-09 20:00:50 BST+0100,0.423
2026-06-09 20:05:25 BST+0100,0.37
2026-06-09 20:10:05 BST+0100,0.287
2026-06-09 20:15:00 BST+0100,0.243
2026-06-09 20:20:14 BST+0100,0.201
2026-06-09 20:25:03 BST+0100,0.163
2026-06-09 20:30:12 BST+0100,0.127
2026-06-09 20:35:06 BST+0100,0.095
2026-06-09 20:40:58 BST+0100,0.067
2026-06-09 20:45:05 BST+0100,0.042
2026-06-09 20:50:37 BST+0100,0.022
2026-06-09 20:55:21 BST+0100,0.007
2026-06-09 21:00:10 BST+0100,0.0
2026-06-09 21:05:42 BST+0100,0.0
2026-06-09 21:10:58 BST+0100,0.0
2026-06-09 21:15:47 BST+0100,0.0
2026-06-09 21:20:58 BST+0100,0.0
2026-06-09 21:25:35 BST+0100,0.0
2026-06-09 21:30:40 BST+0100,0.0
2026-06-09 21:35:08 BST+0100,0.0
2026-06-09 21:40:51 BST+0100,0.0
2026-06-09 21:45:44 BST+0100,0.0
2026-06-09 21:50:15 BST+0100,0.0
2026-06-09 21:55:21 BST+0100,0.0
2026-06-09 22:00:36 BST+0100,0.0
2026-06-09 22:05:00 BST+0100,0.0
2026-06-09 22:10:49 BST+0100,0.0
2026-06-09 22:15:16 BST+0100,0.0
2026-06-09 22:20:04 BST+0100,0.0
2026-06-09 22:25:19 BST+0100,0.0
2026-06-09 22:30:50 BST+0100,0.0
2026-06-09 22:35:16 BST+0100,0.0
2026-06-09 22:40:32 BST+0100,0.0
2026-06-09 22:45:48 BST+0100,0.0
2026-06-09 22:50:02 BST+0100,0.0
2026-06-09 22:55:45 BST+0100,0.0
2026-06-09 23:00:17 BST+0100,0.0
2026-06-09 23:05:41 BST+0100,0.0
2026-06-09 23:10:11 BST+0100,0.0
2026-06-09 23:15:08 BST+0100,0.0
2026-06-09 23:20:47 BST+0100,0.0
2026-06-09 23:25:48 BST+0100,0.0
2026-06-09 23:30:58 BST+0100,0.0
2026-06-09 23:35:40 BST+0100,0.0
2026-06-09 23:40:27 BST+0100,0.0
2026-06-09 23:45:11 BST+0100,0.0
2026-06-09 23:50:17 BST+0100,0.0
2026-06-09 23:55:38 BST+0100,0.0
2026-06-10 00:00:59 BST+0100,0.0
2026-06-10 00:05:25 BST+0100,0.0
2026-06-10 00:10:40 BST+0100,0.0
2026-06-10 00:15:06 BST+0100,0.0
2026-06-10 00:20:55 BST+0100,0.0
2026-06-10 00:25:09 BST+0100,0.0
2026-06-10 00:30:22 BST+0100,0.0
2026-06-10 00:35:50 BST+0100,0.0
2026-06-10 00:40:58 BST+0100,0.0
2026-06-10 00:45:29 BST+0100,0.0
2026-06-10 00:50:29 BST+0100,0.0
2026-06-10 00:55:02 BST+0100,0.0
2026-06-10 01:00:58 BST+0100,0.0
2026-06-10 01:05:00 BST+0100,0.0
2026-06-10 01:10:01 BST+0100,0.0
2026-06-10 01:15:28 BST+0100,0.0
2026-06-10 01:20:00 BST+0100,0.0
2026-06-10 01:25:09 BST+0100,0.0
2026-06-10 01:30:37 BST+0100,0.0
2026-06-10 01:35:42 BST+0100,0.0
2026-06-10 01:40:17 BST+0100,0.0
2026-06-10 01:45:47 BST+0100,0.0
2026-06-10 01:50:36 BST+0100,0.0
2026-06-10 01:55:13 BST+0100,0.0
2026-06-10 02:00:42 BST+0100,0.0
2026-06-10 02:05:35 BST+0100,0.0
2026-06-10 02:10:48 BST+0100,0.0
2026-06-10 02:15:09 BST+0100,0.0
2026-06-10 02:20:13 BST+0100,0.0
2026-06-10 02:25:18 BST+0100,0.0
2026-06-10 02:30:20 BST+0100,0.0
2026-06-10 02:35:53 BST+0100,0.0
2026-06-10 02:40:43 BST+0100,0.0
2026-06-10 02:45:32 BST+0100,0.0
2026-06-10 02:50:32 BST+0100,0.0
2026-06-10 02:55:53 BST+0100,0.0
2026-06-10 03:00:26 BST+0100,0.0
2026-06-10 03:05:13 BST+0100,0.0
2026-06-10 03:10:08 BST+0100,0.0
2026-06-10 03:15:19 BST+0100,0.0
2026-06-10 03:20:39 BST+0100,0.0
2026-06-10 03:25:28 BST+0100,0.0
2026-06-10 03:30:25 BST+0100,0.0
2026-06-10 03:35:28 BST+0100,0.0
2026-06-10 03:40:58 BST+0100,0.0
2026-06-10 03:45:59 BST+0100,0.0
2026-06-10 03:50:09 BST+0100,0.0
2026-06-10 03:55:06 BST+0100,0.0
2026-06-10 04:00:14 BST+0100,0.0
2026-06-10 04:05:51 BST+0100,0.0
2026-06-10 04:10:27 BST+0100,0.0
2026-06-10 04:15:51 BST+0100,0.0
2026-06-10 04:20:38 BST+0100,0.0
2026-06-10 04:25:33 BST+0100,0.0
2026-06-10 04:30:16 BST+0100,0.0
2026-06-10 04:35:20 BST+0100,0.0
2026-06-10 04:40:08 BST+0100,0.0
2026-06-10 04:45:31 BST+0100,0.0
2026-06-10 04:50:16 BST+0100,0.0
2026-06-10 04:55:17 BST+0100,0.0
2026-06-10 05:00:02 BST+0100,0.0
2026-06-10 05:05:47 BST+0100,0.006
2026-06-10 05:10:56 BST+0100,0.018
2026-06-10 05:15:29 BST+0100,0.034
2026-06-10 05:20:32 BST+0100,0.054
2026-06-10 05:25:55 BST+0100,0.077
2026-06-10 05:30:30 BST+0100,0.102
2026-06-10 05:35:37 BST+0100,0.131
2026-06-10 05:40:25 BST+0100,0.162
2026-06-10 05:45:30 BST+0100,0.195
2026-06-10 05:50:31 BST+0100,0.231
2026-06-10 05:55:42 BST+0100,0.268
2026-06-10 06:00:36 BST+0100,0.295
2026-06-10 06:05:30 BST+0100,0.47
2026-06-10 06:10:04 BST+0100,0.329
2026-06-10 06:15:54 BST+0100,0.438
2026-06-10 06:20:53 BST+0100,0.485
2026-06-10 06:25:11 BST+0100,0.571
2026-06-10 06:30:17 BST+0100,0.537
2026-06-10 06:35:58 BST+0100,0.668
2026-06-10 06:40:19 BST+0100,0.664
2026-06-10 06:45:48 BST+0100,0.528
2026-06-10 06:50:47 BST+0100,0.794
2026-06-10 06:55:51 BST+0100,0.68
2026-06-10 07:00:00 BST+0100,0.623
2026-06-10 07:05:28 BST+0100,0.987
2026-06-10 07:10:33 BST+0100,1.111
2026-06-10 07:15:50 BST+0100,1.183
2026-06-10 07:20:13 BST+0100,1.258
2026-06-10 07:25:18 BST+0100,0.784
2026-06-10 07:30:10 BST+0100,0.954
2026-06-10 07:35:45 BST+0100,1.797
2026-06-10 07:40:59 BST+0100,1.127
2026-06-10 07:45:08 BST+0100,1.611
2026-06-10 07:50:13 BST+0100,1.328
2026-06-10 07:55:18 BST+0100,1.602
2026-06-10 08:00:53 BST+0100,1.456
2026-06-10 08:05:26 BST+0100,1.881
2026-06-10 08:10:16 BST+0100,1.816
2026-06-10 08:15:19 BST+0100,1.689
2026-06-10 08:20:35 BST+0100,1.543
2026-06-10 08:25:23 BST+0100,2.062
2026-06-10 08:30:08 BST+0100,1.589
2026-06-10 08:35:49 BST+0100,2.258
2026-06-10 08:40:25 BST+0100,3.183
2026-06-10 08:45:15 BST+0100,2.767
2026-06-10 08:50:43 BST+0100,2.586
2026-06-10 08:55:44 BST+0100,2.318
2026-06-10 09:00:09 BST+0100,1.574
2026-06-10 09:05:04 BST+0100,1.89
2026-06-10 09:10:02 BST+0100,3.13
2026-06-10 09:15:45 BST+0100,2.235
2026-06-10 09:20:37 BST+0100,2.331
2026-06-10 09:25:47 BST+0100,2.646
2026-06-10 09:30:37 BST+0100,2.255
2026-06-10 09:35:24 BST+0100,2.219
2026-06-10 09:40:35 BST+0100,2.88
2026-06-10 09:45:43 BST+0100,2.489
2026-06-10 09:50:23 BST+0100,2.618
2026-06-10 09:55:54 BST+0100,2.645
2026-06-10 10:00:53 BST+0100,3.427
2026-06-10 10:05:48 BST+0100,3.054
2026-06-10 10:10:59 BST+0100,3.136
2026-06-10 10:15:23 BST+0100,3.646
2026-06-10 10:20:06 BST+0100,3.258
2026-06-10 10:25:29 BST+0100,3.224
2026-06-10 10:30:44 BST+0100,3.734
2026-06-10 10:35:46 BST+0100,3.91
2026-06-10 10:40:23 BST+0100,3.443
2026-06-10 10:45:17 BST+0100,3.633
2026-06-10 10:50:26 BST+0100,3.115
2026-06-10 10:55:48 BST+0100,3.099
2026-06-10 11:00:03 BST+0100,4.222
2026-06-10 11:05:19 BST+0100,4.048
2026-06-10 11:10:13 BST+0100,4.096
2026-06-10 11:15:48 BST+0100,4.016
2026-06-10 11:20:28 BST+0100,3.889
2026-06-10 11:25:05 BST+0100,4.379
2026-06-10 11:30:15 BST+0100,4.583
2026-06-10 11:35:02 BST+0100,4.602
2026-06-10 11:40:28 BST+0100,3.91
2026-06-10 11:45:59 BST+0100,5.01
2026-06-10 11:50:34 BST+0100,4.2
2026-06-10 11:55:52 BST+0100,4.52
2026-06-10 12:00:44 BST+0100,4.288
2026-06-10 12:05:52 BST+0100,4.283
2026-06-10 12:10:18 BST+0100,3.574
2026-06-10 12:15:57 BST+0100,4.659
2026-06-10 12:20:14 BST+0100,6.278
2026-06-10 12:25:26 BST+0100,3.884
2026-06-10 12:30:40 BST+0100,4.23
2026-06-10 12:35:17 BST+0100,3.85
2026-06-10 12:40:15 BST+0100,3.826
2026-06-10 12:45:07 BST+0100,5.369
2026-06-10 12:50:00 BST+0100,3.696
2026-06-10 12:55:30 BST+0100,3.849
2026-06-10 13:00:59 BST+0100,3.006
2026-06-10 13:05:13 BST+0100,3.634
2026-06-10 13:10:26 BST+0100,2.912
2026-06-10 13:15:56 BST+0100,4.679
2026-06-10 13:20:46 BST+0100,6.308
2026-06-10 13:25:00 BST+0100,3.91
2026-06-10 13:30:30 BST+0100,2.924
2026-06-10 13:35:08 BST+0100,4.84
2026-06-10 13:40:14 BST+0100,3.608
2026-06-10 13:45:14 BST+0100,5.104
2026-06-10 13:50:36 BST+0100,3.91
2026-06-10 13:55:11 BST+0100,3.634
2026-06-10 14:00:15 BST+0100,3.95
2026-06-10 14:05:13 BST+0100,4.612
2026-06-10 14:10:21 BST+0100,3.869
2026-06-10 14:15:39 BST+0100,3.651
2026-06-10 14:20:23 BST+0100,3.839
2026-06-10 14:25:19 BST+0100,3.048
2026-06-10 14:30:31 BST+0100,4.203
2026-06-10 14:35:36 BST+0100,2.64
2026-06-10 14:40:00 BST+0100,3.549
2026-06-10 14:45:53 BST+0100,4.345
2026-06-10 14:50:54 BST+0100,3.992
2026-06-10 14:55:36 BST+0100,4.146
2026-06-10 15:00:34 BST+0100,3.665
2026-06-10 15:05:41 BST+0100,4.439
2026-06-10 15:10:26 BST+0100,4.228
2026-06-10 15:15:21 BST+0100,3.869
2026-06-10 15:20:21 BST+0100,4.127
2026-06-10 15:25:09 BST+0100,3.961
2026-06-10 15:30:50 BST+0100,3.17
2026-06-10 15:35:19 BST+0100,2.573
2026-06-10 15:40:17 BST+0100,3.597
2026-06-10 15:45:57 BST+0100,3.616
2026-06-10 15:50:30 BST+0100,3.876
2026-06-10 15:55:37 BST+0100,2.65
2026-06-10 16:00:14 BST+0100,2.622
2026-06-10 16:05:16 BST+0100,3.332
2026-06-10 16:10:43 BST+0100,2.983
2026-06-10 16:15:27 BST+0100,1.958
2026-06-10 16:20:08 BST+0100,3.102
2026-06-10 16:25:50 BST+0100,1.898
2026-06-10 16:30:24 BST+0100,2.314
2026-06-10 16:35:40 BST+0100,3.391
2026-06-10 16:40:20 BST+0100,3.543
2026-06-10 16:45:33 BST+0100,2.035
2026-06-10 16:50:46 BST+0100,2.392
2026-06-10 16:55:53 BST+0100,2.5
2026-06-10 17:00:12 BST+0100,3.193
2026-06-10 17:05:40 BST+0100,2.145
2026-06-10 17:10:54 BST+0100,2.094
2026-06-10 17:15:38 BST+0100,2.846
2026-06-10 17:20:08 BST+0100,2.016
2026-06-10 17:25:11 BST+0100,2.37
2026-06-10 17:30:12 BST+0100,1.492
2026-06-10 17:35:06 BST+0100,1.907
2026-06-10 17:40:45 BST+0100,1.334
2026-06-10 17:45:57 BST+0100,1.488
2026-06-10 17:50:31 BST+0100,2.04
2026-06-10 17:55:35 BST+0100,1.693
2026-06-10 18:00:46 BST+0100,1.549
2026-06-10 18:05:24 BST+0100,1.366
2026-06-10 18:10:28 BST+0100,1.455
2026-06-10 18:15:35 BST+0100,1.53
2026-06-10 18:20:18 BST+0100,1.634
2026-06-10 18:25:03 BST+0100,0.699
2026-06-10 18:30:34 BST+0100,1.074
2026-06-10 18:35:49 BST+0100,1.236
2026-06-10 18:40:04 BST+0100,1.121
2026-06-10 18:45:12 BST+0100,1.159
2026-06-10 18:50:15 BST+0100,1.071
2026-06-10 18:55:48 BST+0100,0.91
2026-06-10 19:00:30 BST+0100,0.819
2026-06-10 19:05:32 BST+0100,0.811
2026-06-10 19:10:38 BST+0100,0.957
2026-06-10 19:15:16 BST+0100,0.641
2026-06-10 19:20:42 BST+0100,0.677
2026-06-10 19:25:01 BST+0100,0.653
2026-06-10 19:30:06 BST+0100,0.745
2026-06-10 19:35:48 BST+0100,0.503
2026-06-10 19:40:39 BST+0100,0.568
2026-06-10 19:45:10 BST+0100,0.535
2026-06-10 19:50:26 BST+0100,0.388
2026-06-10 19:55:03 BST+0100,0.336
2026-06-10 20:00:40 BST+0100,0.29
2026-06-10 20:05:45 BST+0100,0.268
2026-06-10 20:10:16 BST+0100,0.231
2026-06-10 20:15:21 BST+0100,0.195
2026-06-10 20:20:14 BST+0100,0.162
2026-06-10 20:25:23 BST+0100,0.131
2026-06-10 20:30:16 BST+0100,0.102
2026-06-10 20:35:14 BST+0100,0.077
2026-06-10 20:40:25 BST+0100,0.054
2026-06-10 20:45:51 BST+0100,0.034
2026-06-10 20:50:45 BST+0100,0.018
2026-06-10 20:55:17 BST+0100,0.006
2026-06-10 21:00:56 BST+0100,0.0
2026-06-10 21:05:12 BST+0100,0.0
2026-06-10 21:10:54 BST+0100,0.0
2026-06-10 21:15:18 BST+0100,0.0
2026-06-10 21:20:32 BST+0100,0.0
2026-06-10 21:25:12 BST+0100,0.0
2026-06-10 21:30:45 BST+0100,0.0
2026-06-10 21:35:19 BST+0100,0.0
2026-06-10 21:40:52 BST+0100,0.0
2026-06-10 21:45:04 BST+0100,0.0
2026-06-10 21:50:30 BST+0100,0.0
2026-06-10 21:55:09 BST+0100,0.0
2026-06-10 22:00:53 BST+0100,0.0
2026-06-10 22:05:25 BST+0100,0.0
2026-06-10 22:10:40 BST+0100,0.0
2026-06-10 22:15:52 BST+0100,0.0
2026-06-10 22:20:32 BST+0100,0.0
2026-06-10 22:25:03 BST+0100,0.0
2026-06-10 22:30:13 BST+0100,0.0
2026-06-10 22:35:12 BST+0100,0.0
2026-06-10 22:40:54 BST+0100,0.0
2026-06-10 22:45:54 BST+0100,0.0
2026-06-10 22:50:28 BST+0100,0.0
2026-06-10 22:55:53 BST+0100,0.0
2026-06-10 23:00:14 BST+0100,0.0
2026-06-10 23:05:40 BST+0100,0.0
2026-06-10 23:10:23 BST+0100,0.0
2026-06-10 23:15:14 BST+0100,0.0
2026-06-10 23:20:15 BST+0100,0.0
2026-06-10 23:25:25 BST+0100,0.0
2026-06-10 23:30:20 BST+0100,0.0
2026-06-10 23:35:12 BST+0100,0.0
2026-06-10 23:40:20 BST+0100,0.0
2026-06-10 23:45:07 BST+0100,0.0
2026-06-10 23:50:58 BST+0100,0.0
2026-06-10 23:55:22 BST+0100,0.0
